,n_features_2,noise_dims,n_samples,model,score
0,100,80,500,rf,0.9663157894736842
1,900,80,500,rf,0.9557894736842105
2,1800,80,500,rf,0.9621052631578947
3,2700,80,500,rf,0.96
4,3600,80,500,rf,0.9536842105263158
5,4500,80,500,rf,0.9642105263157894
6,5400,80,500,rf,0.9642105263157894
7,6300,80,500,rf,0.9621052631578947
8,7200,80,500,rf,0.9642105263157894
9,8100,80,500,rf,0.9368421052631579
10,9000,80,500,rf,0.9473684210526315
11,9900,80,500,rf,0.9431578947368421
12,100,80,500,rf,0.848421052631579
13,900,80,500,rf,0.831578947368421
14,1800,80,500,rf,0.8378947368421052
15,2700,80,500,rf,0.8021052631578948
16,3600,80,500,rf,0.8
17,4500,80,500,rf,0.8252631578947369
18,5400,80,500,rf,0.7852631578947369
19,6300,80,500,rf,0.8063157894736842
20,7200,80,500,rf,0.8294736842105264
21,8100,80,500,rf,0.8126315789473684
22,9000,80,500,rf,0.8989473684210526
23,9900,80,500,rf,0.8147368421052631
24,100,80,500,rf,0.8463157894736841
25,900,80,500,rf,0.8421052631578947
26,1800,80,500,rf,0.8252631578947368
27,2700,80,500,rf,0.8063157894736842
28,3600,80,500,rf,0.8042105263157895
29,4500,80,500,rf,0.8210526315789474
30,5400,80,500,rf,0.7705263157894737
31,6300,80,500,rf,0.7873684210526316
32,7200,80,500,rf,0.7263157894736842
33,8100,80,500,rf,0.7263157894736842
34,9000,80,500,rf,0.7389473684210526
35,9900,80,500,rf,0.7789473684210526
36,100,80,500,rf,0.8947368421052633
37,900,80,500,rf,0.8926315789473684
38,1800,80,500,rf,0.8863157894736842
39,2700,80,500,rf,0.8778947368421053
40,3600,80,500,rf,0.8842105263157894
41,4500,80,500,rf,0.888421052631579
42,5400,80,500,rf,0.88
43,6300,80,500,rf,0.8568421052631578
44,7200,80,500,rf,0.8463157894736841
45,8100,80,500,rf,0.8568421052631578
46,9000,80,500,rf,0.871578947368421
47,9900,80,500,rf,0.8652631578947368
48,100,80,500,rf,0.9431578947368421
49,900,80,500,rf,0.8757894736842106
50,1800,80,500,rf,0.9010526315789473
51,2700,80,500,rf,0.9010526315789474
52,3600,80,500,rf,0.8568421052631578
53,4500,80,500,rf,0.8968421052631579
54,5400,80,500,rf,0.8757894736842105
55,6300,80,500,rf,0.9031578947368422
56,7200,80,500,rf,0.8336842105263158
57,8100,80,500,rf,0.8336842105263158
58,9000,80,500,rf,0.8778947368421052
59,9900,80,500,rf,0.8736842105263157
60,100,80,500,rf,1.0
61,900,80,500,rf,1.0
62,1800,80,500,rf,0.9894736842105263
63,2700,80,500,rf,0.9978947368421052
64,3600,80,500,rf,0.991578947368421
65,4500,80,500,rf,0.9936842105263157
66,5400,80,500,rf,0.991578947368421
67,6300,80,500,rf,0.9936842105263157
68,7200,80,500,rf,1.0
69,8100,80,500,rf,0.9936842105263157
70,9000,80,500,rf,0.991578947368421
71,9900,80,500,rf,1.0
72,100,80,500,rf,0.8505263157894736
73,900,80,500,rf,0.8231578947368421
74,1800,80,500,rf,0.8126315789473684
75,2700,80,500,rf,0.8105263157894737
76,3600,80,500,rf,0.8336842105263158
77,4500,80,500,rf,0.8210526315789474
78,5400,80,500,rf,0.8294736842105264
79,6300,80,500,rf,0.7557894736842106
80,7200,80,500,rf,0.8273684210526315
81,8100,80,500,rf,0.84
82,9000,80,500,rf,0.7115789473684211
83,9900,80,500,rf,0.8252631578947368
84,100,80,500,rf,0.9770434489585307
85,900,80,500,rf,0.9707251321581264
86,1800,80,500,rf,0.9686190265579917
87,2700,80,500,rf,0.9770434489585307
88,3600,80,500,rf,0.9728312377582612
89,4500,80,500,rf,0.9791495545586655
90,5400,80,500,rf,0.9496640761567785
91,6300,80,500,rf,0.9391335481561046
92,7200,80,500,rf,0.9728312377582612
93,8100,80,500,rf,0.9517701817569133
94,9000,80,500,rf,0.9582991091173312
95,9900,80,500,rf,0.9728312377582612
96,100,80,500,rf,0.9410526315789474
97,900,80,500,rf,0.9473684210526315
98,1800,80,500,rf,0.9431578947368421
99,2700,80,500,rf,0.9389473684210526
100,3600,80,500,rf,0.951578947368421
101,4500,80,500,rf,0.9368421052631579
102,5400,80,500,rf,0.9452631578947368
103,6300,80,500,rf,0.9557894736842105
104,7200,80,500,rf,0.9263157894736842
105,8100,80,500,rf,0.9368421052631579
106,9000,80,500,rf,0.9073684210526316
107,9900,80,500,rf,0.9368421052631579
108,100,80,500,rf,1.0
109,900,80,500,rf,1.0
110,1800,80,500,rf,1.0
111,2700,80,500,rf,1.0
112,3600,80,500,rf,0.9936816831995956
113,4500,80,500,rf,0.9915755775994608
114,5400,80,500,rf,0.9936816831995956
115,6300,80,500,rf,0.9810450495987869
116,7200,80,500,rf,1.0
117,8100,80,500,rf,1.0
118,9000,80,500,rf,0.9936816831995956
119,9900,80,500,rf,0.9915755775994609
120,100,80,500,rf,0.9368421052631579
121,900,80,500,rf,0.9431578947368421
122,1800,80,500,rf,0.9515789473684211
123,2700,80,500,rf,0.9199999999999999
124,3600,80,500,rf,0.9389473684210526
125,4500,80,500,rf,0.911578947368421
126,5400,80,500,rf,0.9284210526315789
127,6300,80,500,rf,0.9389473684210526
128,7200,80,500,rf,0.9284210526315789
129,8100,80,500,rf,0.9263157894736842
130,9000,80,500,rf,0.9284210526315789
131,9900,80,500,rf,0.9557894736842105
132,100,80,500,rf,0.9368421052631579
133,900,80,500,rf,0.8757894736842106
134,1800,80,500,rf,0.8526315789473684
135,2700,80,500,rf,0.8463157894736841
136,3600,80,500,rf,0.7663157894736842
137,4500,80,500,rf,0.8294736842105264
138,5400,80,500,rf,0.7663157894736842
139,6300,80,500,rf,0.7452631578947368
140,7200,80,500,rf,0.7326315789473684
141,8100,80,500,rf,0.7284210526315789
142,9000,80,500,rf,0.7452631578947368
143,9900,80,500,rf,0.7894736842105263
144,100,80,500,rf,0.9705263157894737
145,900,80,500,rf,0.9536842105263158
146,1800,80,500,rf,0.9452631578947368
147,2700,80,500,rf,0.9494736842105262
148,3600,80,500,rf,0.9199999999999999
149,4500,80,500,rf,0.92
150,5400,80,500,rf,0.9431578947368421
151,6300,80,500,rf,0.9199999999999999
152,7200,80,500,rf,0.9410526315789474
153,8100,80,500,rf,0.9347368421052632
154,9000,80,500,rf,0.9242105263157895
155,9900,80,500,rf,0.9157894736842105
156,100,80,500,rf,0.9894736842105263
157,900,80,500,rf,0.9873684210526315
158,1800,80,500,rf,0.991578947368421
159,2700,80,500,rf,0.9873684210526316
160,3600,80,500,rf,0.9852631578947368
161,4500,80,500,rf,0.9957894736842106
162,5400,80,500,rf,0.9894736842105263
163,6300,80,500,rf,0.9852631578947368
164,7200,80,500,rf,0.9873684210526316
165,8100,80,500,rf,0.9852631578947368
166,9000,80,500,rf,0.991578947368421
167,9900,80,500,rf,0.9789473684210526
168,100,80,500,rf,1.0
169,900,80,500,rf,0.991578947368421
170,1800,80,500,rf,0.983157894736842
171,2700,80,500,rf,0.9684210526315788
172,3600,80,500,rf,0.983157894736842
173,4500,80,500,rf,0.983157894736842
174,5400,80,500,rf,0.976842105263158
175,6300,80,500,rf,0.9642105263157894
176,7200,80,500,rf,0.9578947368421052
177,8100,80,500,rf,0.96
178,9000,80,500,rf,0.9747368421052631
179,9900,80,500,rf,0.96
180,100,80,500,rf,0.9284210526315789
181,900,80,500,rf,0.8863157894736842
182,1800,80,500,rf,0.8421052631578947
183,2700,80,500,rf,0.8231578947368421
184,3600,80,500,rf,0.8863157894736842
185,4500,80,500,rf,0.8231578947368421
186,5400,80,500,rf,0.8231578947368421
187,6300,80,500,rf,0.8610526315789473
188,7200,80,500,rf,0.8568421052631578
189,8100,80,500,rf,0.8757894736842105
190,9000,80,500,rf,0.8273684210526315
191,9900,80,500,rf,0.8357894736842106
192,100,80,500,rf,0.8673684210526316
193,900,80,500,rf,0.8210526315789474
194,1800,80,500,rf,0.8336842105263157
195,2700,80,500,rf,0.7852631578947369
196,3600,80,500,rf,0.7663157894736842
197,4500,80,500,rf,0.8
198,5400,80,500,rf,0.7852631578947369
199,6300,80,500,rf,0.7852631578947369
200,7200,80,500,rf,0.8126315789473684
201,8100,80,500,rf,0.7536842105263158
202,9000,80,500,rf,0.7684210526315789
203,9900,80,500,rf,0.8189473684210525
204,100,80,500,rf,0.8715789473684211
205,900,80,500,rf,0.8378947368421052
206,1800,80,500,rf,0.84
207,2700,80,500,rf,0.8357894736842105
208,3600,80,500,rf,0.8589473684210527
209,4500,80,500,rf,0.8694736842105263
210,5400,80,500,rf,0.7936842105263158
211,6300,80,500,rf,0.7263157894736842
212,7200,80,500,rf,0.7810526315789474
213,8100,80,500,rf,0.7642105263157895
214,9000,80,500,rf,0.7410526315789474
215,9900,80,500,rf,0.8589473684210527
216,100,80,500,rf,1.0
217,900,80,500,rf,0.9957894736842106
218,1800,80,500,rf,0.9957894736842106
219,2700,80,500,rf,0.9978947368421052
220,3600,80,500,rf,0.9957894736842106
221,4500,80,500,rf,0.9936842105263157
222,5400,80,500,rf,0.9978947368421052
223,6300,80,500,rf,0.991578947368421
224,7200,80,500,rf,0.9978947368421052
225,8100,80,500,rf,0.9957894736842106
226,9000,80,500,rf,0.9873684210526315
227,9900,80,500,rf,0.983157894736842
228,100,80,500,rf,0.9810526315789474
229,900,80,500,rf,0.9810526315789474
230,1800,80,500,rf,0.9789473684210526
231,2700,80,500,rf,0.9810526315789474
232,3600,80,500,rf,0.9768421052631577
233,4500,80,500,rf,0.9726315789473683
234,5400,80,500,rf,0.9747368421052631
235,6300,80,500,rf,0.9642105263157894
236,7200,80,500,rf,0.9705263157894737
237,8100,80,500,rf,0.9747368421052631
238,9000,80,500,rf,0.983157894736842
239,9900,80,500,rf,0.9894736842105263
240,100,80,500,rf,0.9621052631578947
241,900,80,500,rf,0.9473684210526315
242,1800,80,500,rf,0.9431578947368421
243,2700,80,500,rf,0.9094736842105262
244,3600,80,500,rf,0.9157894736842105
245,4500,80,500,rf,0.9473684210526315
246,5400,80,500,rf,0.9052631578947368
247,6300,80,500,rf,0.9199999999999999
248,7200,80,500,rf,0.9136842105263159
249,8100,80,500,rf,0.9284210526315789
250,9000,80,500,rf,0.9284210526315789
251,9900,80,500,rf,0.9389473684210528
252,100,80,500,rf,0.8610526315789473
253,900,80,500,rf,0.8610526315789473
254,1800,80,500,rf,0.8610526315789473
255,2700,80,500,rf,0.8757894736842105
256,3600,80,500,rf,0.8736842105263158
257,4500,80,500,rf,0.8463157894736841
258,5400,80,500,rf,0.8610526315789473
259,6300,80,500,rf,0.8610526315789473
260,7200,80,500,rf,0.8821052631578947
261,8100,80,500,rf,0.8610526315789473
262,9000,80,500,rf,0.88
263,9900,80,500,rf,0.8589473684210527
264,100,80,500,rf,0.9410526315789474
265,900,80,500,rf,0.9221052631578948
266,1800,80,500,rf,0.8968421052631579
267,2700,80,500,rf,0.8947368421052632
268,3600,80,500,rf,0.8673684210526316
269,4500,80,500,rf,0.9031578947368422
270,5400,80,500,rf,0.8378947368421052
271,6300,80,500,rf,0.831578947368421
272,7200,80,500,rf,0.8273684210526315
273,8100,80,500,rf,0.8842105263157894
274,9000,80,500,rf,0.8526315789473684
275,9900,80,500,rf,0.8336842105263158
276,100,80,500,rf,0.9728312377582612
277,900,80,500,rf,0.9475579705566437
278,1800,80,500,rf,0.9538762873570481
279,2700,80,500,rf,0.9395547692761316
280,3600,80,500,rf,0.9313409574356057
281,4500,80,500,rf,0.9313409574356059
282,5400,80,500,rf,0.9208104294349319
283,6300,80,500,rf,0.9374486636759967
284,7200,80,500,rf,0.9269181356753229
285,8100,80,500,rf,0.9269181356753227
286,9000,80,500,rf,0.9311303468755923
287,9900,80,500,rf,0.9309197363155789
288,100,80,500,rf,0.9768328383985173
289,900,80,500,rf,0.9540868979170616
290,1800,80,500,rf,0.9580884985573177
291,2700,80,500,rf,0.949874686716792
292,3600,80,500,rf,0.918704323834797
293,4500,80,500,rf,0.9644068153577221
294,5400,80,500,rf,0.9304985151955519
295,6300,80,500,rf,0.9561930035171964
296,7200,80,500,rf,0.9433457593563741
297,8100,80,500,rf,0.9069101324740423
298,9000,80,500,rf,0.8982750995134896
299,9900,80,500,rf,0.9395547692761315
300,100,80,500,rf,0.9894736842105263
301,900,80,500,rf,0.9747368421052631
302,1800,80,500,rf,0.9642105263157894
303,2700,80,500,rf,0.9684210526315788
304,3600,80,500,rf,0.9557894736842104
305,4500,80,500,rf,0.9578947368421052
306,5400,80,500,rf,0.9452631578947368
307,6300,80,500,rf,0.9557894736842105
308,7200,80,500,rf,0.9431578947368421
309,8100,80,500,rf,0.9452631578947368
310,9000,80,500,rf,0.9452631578947368
311,9900,80,500,rf,0.9305263157894738
312,100,80,500,rf,0.9978947368421052
313,900,80,500,rf,0.9978947368421052
314,1800,80,500,rf,0.9894736842105263
315,2700,80,500,rf,0.9894736842105263
316,3600,80,500,rf,0.991578947368421
317,4500,80,500,rf,0.991578947368421
318,5400,80,500,rf,0.9936842105263157
319,6300,80,500,rf,0.9936842105263157
320,7200,80,500,rf,0.9852631578947368
321,8100,80,500,rf,0.9936842105263157
322,9000,80,500,rf,1.0
323,9900,80,500,rf,0.9936842105263157
324,100,80,500,rf,0.8905263157894736
325,900,80,500,rf,0.8989473684210527
326,1800,80,500,rf,0.8736842105263158
327,2700,80,500,rf,0.8778947368421053
328,3600,80,500,rf,0.8736842105263157
329,4500,80,500,rf,0.8926315789473684
330,5400,80,500,rf,0.9010526315789473
331,6300,80,500,rf,0.8673684210526316
332,7200,80,500,rf,0.8905263157894736
333,8100,80,500,rf,0.8568421052631578
334,9000,80,500,rf,0.9010526315789473
335,9900,80,500,rf,0.8673684210526316
336,100,80,500,rf,0.9726315789473683
337,900,80,500,rf,0.9494736842105262
338,1800,80,500,rf,0.96
339,2700,80,500,rf,0.9452631578947368
340,3600,80,500,rf,0.9642105263157894
341,4500,80,500,rf,0.9221052631578948
342,5400,80,500,rf,0.9284210526315789
343,6300,80,500,rf,0.9452631578947368
344,7200,80,500,rf,0.9263157894736842
345,8100,80,500,rf,0.9578947368421052
346,9000,80,500,rf,0.9410526315789474
347,9900,80,500,rf,0.96
348,100,80,500,rf,0.9431578947368421
349,900,80,500,rf,0.8778947368421053
350,1800,80,500,rf,0.9284210526315789
351,2700,80,500,rf,0.911578947368421
352,3600,80,500,rf,0.8757894736842106
353,4500,80,500,rf,0.8357894736842105
354,5400,80,500,rf,0.8778947368421053
355,6300,80,500,rf,0.871578947368421
356,7200,80,500,rf,0.8631578947368421
357,8100,80,500,rf,0.9368421052631579
358,9000,80,500,rf,0.8273684210526315
359,9900,80,500,rf,0.871578947368421
360,100,80,500,rf,0.9936842105263157
361,900,80,500,rf,0.9873684210526315
362,1800,80,500,rf,0.9873684210526315
363,2700,80,500,rf,0.9936842105263157
364,3600,80,500,rf,0.9894736842105263
365,4500,80,500,rf,0.9852631578947368
366,5400,80,500,rf,0.983157894736842
367,6300,80,500,rf,0.983157894736842
368,7200,80,500,rf,0.983157894736842
369,8100,80,500,rf,0.9852631578947368
370,9000,80,500,rf,0.9873684210526315
371,9900,80,500,rf,0.9894736842105263
372,100,80,500,rf,0.9894736842105263
373,900,80,500,rf,0.983157894736842
374,1800,80,500,rf,0.9936842105263157
375,2700,80,500,rf,0.9747368421052631
376,3600,80,500,rf,0.9789473684210526
377,4500,80,500,rf,0.9873684210526316
378,5400,80,500,rf,0.9852631578947368
379,6300,80,500,rf,0.983157894736842
380,7200,80,500,rf,0.9726315789473685
381,8100,80,500,rf,0.9705263157894737
382,9000,80,500,rf,0.9642105263157894
383,9900,80,500,rf,0.9368421052631579
384,100,80,500,rf,0.9494736842105262
385,900,80,500,rf,0.9305263157894736
386,1800,80,500,rf,0.9410526315789474
387,2700,80,500,rf,0.9347368421052632
388,3600,80,500,rf,0.9305263157894736
389,4500,80,500,rf,0.9178947368421053
390,5400,80,500,rf,0.92
391,6300,80,500,rf,0.8926315789473684
392,7200,80,500,rf,0.911578947368421
393,8100,80,500,rf,0.8863157894736842
394,9000,80,500,rf,0.9221052631578948
395,9900,80,500,rf,0.9136842105263159
396,100,80,500,rf,0.9789473684210526
397,900,80,500,rf,0.9389473684210526
398,1800,80,500,rf,0.9557894736842105
399,2700,80,500,rf,0.9284210526315789
400,3600,80,500,rf,0.9305263157894736
401,4500,80,500,rf,0.92
402,5400,80,500,rf,0.9368421052631579
403,6300,80,500,rf,0.9199999999999999
404,7200,80,500,rf,0.9242105263157895
405,8100,80,500,rf,0.9157894736842105
406,9000,80,500,rf,0.9157894736842105
407,9900,80,500,rf,0.8652631578947367
408,100,80,500,rf,0.9663157894736842
409,900,80,500,rf,0.9726315789473685
410,1800,80,500,rf,0.9747368421052631
411,2700,80,500,rf,0.9642105263157894
412,3600,80,500,rf,0.983157894736842
413,4500,80,500,rf,0.9557894736842105
414,5400,80,500,rf,0.96
415,6300,80,500,rf,0.9515789473684211
416,7200,80,500,rf,0.9768421052631577
417,8100,80,500,rf,0.9473684210526315
418,9000,80,500,rf,0.9410526315789474
419,9900,80,500,rf,0.9452631578947368
420,100,80,500,rf,0.8652631578947367
421,900,80,500,rf,0.8694736842105264
422,1800,80,500,rf,0.8463157894736842
423,2700,80,500,rf,0.8610526315789473
424,3600,80,500,rf,0.8568421052631578
425,4500,80,500,rf,0.848421052631579
426,5400,80,500,rf,0.8442105263157895
427,6300,80,500,rf,0.88
428,7200,80,500,rf,0.8673684210526316
429,8100,80,500,rf,0.8442105263157894
430,9000,80,500,rf,0.8547368421052632
431,9900,80,500,rf,0.8652631578947368
432,100,80,500,rf,0.8463157894736841
433,900,80,500,rf,0.8189473684210526
434,1800,80,500,rf,0.8210526315789474
435,2700,80,500,rf,0.7894736842105263
436,3600,80,500,rf,0.8084210526315789
437,4500,80,500,rf,0.7852631578947369
438,5400,80,500,rf,0.8105263157894737
439,6300,80,500,rf,0.7936842105263158
440,7200,80,500,rf,0.7936842105263158
441,8100,80,500,rf,0.7431578947368421
442,9000,80,500,rf,0.8105263157894737
443,9900,80,500,rf,0.7621052631578947
444,100,80,500,rf,0.983157894736842
445,900,80,500,rf,0.9284210526315789
446,1800,80,500,rf,0.9726315789473683
447,2700,80,500,rf,0.9326315789473684
448,3600,80,500,rf,0.8842105263157896
449,4500,80,500,rf,0.9326315789473684
450,5400,80,500,rf,0.8989473684210527
451,6300,80,500,rf,0.9157894736842105
452,7200,80,500,rf,0.9305263157894736
453,8100,80,500,rf,0.8357894736842106
454,9000,80,500,rf,0.8778947368421053
455,9900,80,500,rf,0.8589473684210527
456,100,80,500,rf,0.9410526315789474
457,900,80,500,rf,0.9326315789473684
458,1800,80,500,rf,0.9494736842105262
459,2700,80,500,rf,0.9431578947368421
460,3600,80,500,rf,0.9284210526315789
461,4500,80,500,rf,0.9368421052631579
462,5400,80,500,rf,0.8926315789473684
463,6300,80,500,rf,0.9515789473684211
464,7200,80,500,rf,0.9347368421052632
465,8100,80,500,rf,0.9284210526315789
466,9000,80,500,rf,0.9094736842105264
467,9900,80,500,rf,0.8905263157894736
468,100,80,500,rf,0.9052631578947369
469,900,80,500,rf,0.9010526315789473
470,1800,80,500,rf,0.8863157894736842
471,2700,80,500,rf,0.8652631578947368
472,3600,80,500,rf,0.848421052631579
473,4500,80,500,rf,0.8505263157894736
474,5400,80,500,rf,0.8947368421052632
475,6300,80,500,rf,0.9031578947368422
476,7200,80,500,rf,0.8631578947368421
477,8100,80,500,rf,0.8526315789473684
478,9000,80,500,rf,0.8842105263157894
479,9900,80,500,rf,0.8210526315789474
480,100,80,500,rf,0.9157894736842105
481,900,80,500,rf,0.9178947368421053
482,1800,80,500,rf,0.8968421052631579
483,2700,80,500,rf,0.9305263157894736
484,3600,80,500,rf,0.8905263157894736
485,4500,80,500,rf,0.888421052631579
486,5400,80,500,rf,0.8884210526315789
487,6300,80,500,rf,0.9242105263157895
488,7200,80,500,rf,0.8968421052631579
489,8100,80,500,rf,0.8778947368421053
490,9000,80,500,rf,0.8926315789473684
491,9900,80,500,rf,0.9010526315789473
492,100,80,500,rf,0.9473684210526315
493,900,80,500,rf,0.9389473684210526
494,1800,80,500,rf,0.9305263157894738
495,2700,80,500,rf,0.9452631578947368
496,3600,80,500,rf,0.9263157894736842
497,4500,80,500,rf,0.9347368421052632
498,5400,80,500,rf,0.9221052631578948
499,6300,80,500,rf,0.9368421052631579
500,7200,80,500,rf,0.9705263157894737
501,8100,80,500,rf,0.9221052631578948
502,9000,80,500,rf,0.9452631578947368
503,9900,80,500,rf,0.9557894736842104
504,100,80,500,rf,0.976842105263158
505,900,80,500,rf,0.9515789473684211
506,1800,80,500,rf,0.9705263157894737
507,2700,80,500,rf,0.96
508,3600,80,500,rf,0.9431578947368421
509,4500,80,500,rf,0.9452631578947368
510,5400,80,500,rf,0.9473684210526315
511,6300,80,500,rf,0.9684210526315788
512,7200,80,500,rf,0.9578947368421052
513,8100,80,500,rf,0.9536842105263158
514,9000,80,500,rf,0.9705263157894737
515,9900,80,500,rf,0.9494736842105262
516,100,80,500,rf,0.88
517,900,80,500,rf,0.8526315789473684
518,1800,80,500,rf,0.88
519,2700,80,500,rf,0.871578947368421
520,3600,80,500,rf,0.8273684210526315
521,4500,80,500,rf,0.8526315789473684
522,5400,80,500,rf,0.8821052631578947
523,6300,80,500,rf,0.8378947368421052
524,7200,80,500,rf,0.8273684210526315
525,8100,80,500,rf,0.8673684210526316
526,9000,80,500,rf,0.8673684210526316
527,9900,80,500,rf,0.871578947368421
528,100,80,500,rf,0.9978947368421052
529,900,80,500,rf,0.9978947368421052
530,1800,80,500,rf,0.9957894736842106
531,2700,80,500,rf,0.9936842105263157
532,3600,80,500,rf,0.9936842105263157
533,4500,80,500,rf,1.0
534,5400,80,500,rf,0.9957894736842106
535,6300,80,500,rf,0.9936842105263157
536,7200,80,500,rf,0.983157894736842
537,8100,80,500,rf,0.9936842105263157
538,9000,80,500,rf,0.9957894736842106
539,9900,80,500,rf,0.9957894736842106
540,100,80,500,rf,0.8357237631894863
541,900,80,500,rf,0.8378298687896211
542,1800,80,500,rf,0.8315115519892167
543,2700,80,500,rf,0.8441481855900255
544,3600,80,500,rf,0.8757397695920472
545,4500,80,500,rf,0.8588909247909691
546,5400,80,500,rf,0.8294054463890819
547,6300,80,500,rf,0.8567848191908343
548,7200,80,500,rf,0.8546787135906995
549,8100,80,500,rf,0.8483603967902951
550,9000,80,500,rf,0.8272993407889472
551,9900,80,500,rf,0.8504665023904299
552,100,80,500,rf,0.8589473684210527
553,900,80,500,rf,0.8821052631578947
554,1800,80,500,rf,0.84
555,2700,80,500,rf,0.8905263157894736
556,3600,80,500,rf,0.848421052631579
557,4500,80,500,rf,0.8631578947368421
558,5400,80,500,rf,0.8189473684210526
559,6300,80,500,rf,0.8421052631578947
560,7200,80,500,rf,0.8989473684210527
561,8100,80,500,rf,0.8821052631578947
562,9000,80,500,rf,0.8652631578947368
563,9900,80,500,rf,0.8589473684210527
564,100,80,500,rf,0.9747368421052631
565,900,80,500,rf,0.9684210526315788
566,1800,80,500,rf,0.9747368421052631
567,2700,80,500,rf,0.9684210526315788
568,3600,80,500,rf,0.9705263157894737
569,4500,80,500,rf,0.9705263157894737
570,5400,80,500,rf,0.9642105263157894
571,6300,80,500,rf,0.9747368421052631
572,7200,80,500,rf,0.9684210526315788
573,8100,80,500,rf,0.9642105263157894
574,9000,80,500,rf,0.9557894736842105
575,9900,80,500,rf,0.9536842105263158
576,100,80,500,rf,0.9894736842105263
577,900,80,500,rf,0.976842105263158
578,1800,80,500,rf,0.9578947368421052
579,2700,80,500,rf,0.9663157894736842
580,3600,80,500,rf,0.9578947368421052
581,4500,80,500,rf,0.9473684210526315
582,5400,80,500,rf,0.9410526315789474
583,6300,80,500,rf,0.9789473684210526
584,7200,80,500,rf,0.9368421052631579
585,8100,80,500,rf,0.9263157894736842
586,9000,80,500,rf,0.96
587,9900,80,500,rf,0.9242105263157895
588,100,80,500,rf,0.9578947368421054
589,900,80,500,rf,0.9452631578947368
590,1800,80,500,rf,0.9263157894736842
591,2700,80,500,rf,0.8989473684210526
592,3600,80,500,rf,0.911578947368421
593,4500,80,500,rf,0.8589473684210527
594,5400,80,500,rf,0.8821052631578947
595,6300,80,500,rf,0.9263157894736842
596,7200,80,500,rf,0.871578947368421
597,8100,80,500,rf,0.8631578947368421
598,9000,80,500,rf,0.9094736842105264
599,9900,80,500,rf,0.8357894736842105
600,100,80,500,rf,0.9684210526315788
601,900,80,500,rf,0.9515789473684211
602,1800,80,500,rf,0.9557894736842105
603,2700,80,500,rf,0.9242105263157895
604,3600,80,500,rf,0.9642105263157894
605,4500,80,500,rf,0.9684210526315791
606,5400,80,500,rf,0.9473684210526315
607,6300,80,500,rf,0.9094736842105262
608,7200,80,500,rf,0.9347368421052632
609,8100,80,500,rf,0.8968421052631579
610,9000,80,500,rf,0.9263157894736842
611,9900,80,500,rf,0.9494736842105262
612,100,80,500,rf,0.9852631578947368
613,900,80,500,rf,0.9810526315789474
614,1800,80,500,rf,0.9705263157894737
615,2700,80,500,rf,0.9810526315789474
616,3600,80,500,rf,0.9684210526315788
617,4500,80,500,rf,0.983157894736842
618,5400,80,500,rf,0.9621052631578948
619,6300,80,500,rf,0.9789473684210526
620,7200,80,500,rf,0.9747368421052631
621,8100,80,500,rf,0.9705263157894737
622,9000,80,500,rf,0.9452631578947368
623,9900,80,500,rf,0.9642105263157894
624,100,80,500,rf,0.9978947368421052
625,900,80,500,rf,0.991578947368421
626,1800,80,500,rf,0.9978947368421052
627,2700,80,500,rf,0.9852631578947368
628,3600,80,500,rf,1.0
629,4500,80,500,rf,0.9810526315789474
630,5400,80,500,rf,0.9936842105263157
631,6300,80,500,rf,0.9873684210526315
632,7200,80,500,rf,0.983157894736842
633,8100,80,500,rf,0.9747368421052631
634,9000,80,500,rf,0.9263157894736842
635,9900,80,500,rf,0.9663157894736842
636,100,80,500,rf,0.9557894736842105
637,900,80,500,rf,0.9368421052631579
638,1800,80,500,rf,0.9452631578947368
639,2700,80,500,rf,0.9305263157894736
640,3600,80,500,rf,0.8926315789473684
641,4500,80,500,rf,0.9136842105263159
642,5400,80,500,rf,0.9010526315789473
643,6300,80,500,rf,0.8968421052631579
644,7200,80,500,rf,0.9052631578947369
645,8100,80,500,rf,0.9052631578947368
646,9000,80,500,rf,0.8778947368421053
647,9900,80,500,rf,0.9157894736842105
648,100,80,500,rf,0.9768421052631577
649,900,80,500,rf,0.9557894736842105
650,1800,80,500,rf,0.9642105263157894
651,2700,80,500,rf,0.9705263157894737
652,3600,80,500,rf,0.9684210526315788
653,4500,80,500,rf,0.9642105263157894
654,5400,80,500,rf,0.9536842105263158
655,6300,80,500,rf,0.9663157894736842
656,7200,80,500,rf,0.9515789473684211
657,8100,80,500,rf,0.9684210526315788
658,9000,80,500,rf,0.9768421052631577
659,9900,80,500,rf,0.9642105263157894
660,100,80,500,rf,0.9536842105263158
661,900,80,500,rf,0.9410526315789474
662,1800,80,500,rf,0.9473684210526316
663,2700,80,500,rf,0.9536842105263158
664,3600,80,500,rf,0.9284210526315789
665,4500,80,500,rf,0.9284210526315789
666,5400,80,500,rf,0.871578947368421
667,6300,80,500,rf,0.9326315789473684
668,7200,80,500,rf,0.9242105263157895
669,8100,80,500,rf,0.8926315789473684
670,9000,80,500,rf,0.9284210526315789
671,9900,80,500,rf,0.9178947368421053
672,100,80,500,rf,0.9557894736842105
673,900,80,500,rf,0.9452631578947368
674,1800,80,500,rf,0.9410526315789474
675,2700,80,500,rf,0.9410526315789474
676,3600,80,500,rf,0.9684210526315788
677,4500,80,500,rf,0.9663157894736842
678,5400,80,500,rf,0.9452631578947368
679,6300,80,500,rf,0.9221052631578948
680,7200,80,500,rf,0.9452631578947368
681,8100,80,500,rf,0.9368421052631579
682,9000,80,500,rf,0.9410526315789474
683,9900,80,500,rf,0.9473684210526315
684,100,80,500,rf,0.9452631578947368
685,900,80,500,rf,0.9326315789473684
686,1800,80,500,rf,0.9326315789473684
687,2700,80,500,rf,0.8905263157894736
688,3600,80,500,rf,0.888421052631579
689,4500,80,500,rf,0.871578947368421
690,5400,80,500,rf,0.888421052631579
691,6300,80,500,rf,0.9263157894736842
692,7200,80,500,rf,0.8989473684210526
693,8100,80,500,rf,0.9052631578947368
694,9000,80,500,rf,0.8989473684210526
695,9900,80,500,rf,0.8884210526315789
696,100,80,500,rf,0.8736842105263158
697,900,80,500,rf,0.88
698,1800,80,500,rf,0.871578947368421
699,2700,80,500,rf,0.8631578947368421
700,3600,80,500,rf,0.8863157894736842
701,4500,80,500,rf,0.88
702,5400,80,500,rf,0.8736842105263158
703,6300,80,500,rf,0.8505263157894736
704,7200,80,500,rf,0.8863157894736842
705,8100,80,500,rf,0.8442105263157895
706,9000,80,500,rf,0.8294736842105263
707,9900,80,500,rf,0.84
708,100,80,500,rf,1.0
709,900,80,500,rf,1.0
710,1800,80,500,rf,1.0
711,2700,80,500,rf,0.9978947368421052
712,3600,80,500,rf,1.0
713,4500,80,500,rf,1.0
714,5400,80,500,rf,0.9957894736842106
715,6300,80,500,rf,0.9936842105263157
716,7200,80,500,rf,0.9957894736842106
717,8100,80,500,rf,0.9978947368421052
718,9000,80,500,rf,1.0
719,9900,80,500,rf,0.9957894736842106
720,100,80,500,rf,0.9263157894736843
721,900,80,500,rf,0.8968421052631579
722,1800,80,500,rf,0.9073684210526316
723,2700,80,500,rf,0.9410526315789474
724,3600,80,500,rf,0.8989473684210527
725,4500,80,500,rf,0.8905263157894736
726,5400,80,500,rf,0.9073684210526316
727,6300,80,500,rf,0.9347368421052632
728,7200,80,500,rf,0.9157894736842105
729,8100,80,500,rf,0.9010526315789473
730,9000,80,500,rf,0.9157894736842105
731,9900,80,500,rf,0.9052631578947368
732,100,80,500,rf,0.9347368421052632
733,900,80,500,rf,0.9347368421052631
734,1800,80,500,rf,0.9473684210526315
735,2700,80,500,rf,0.9284210526315789
736,3600,80,500,rf,0.9052631578947368
737,4500,80,500,rf,0.9136842105263159
738,5400,80,500,rf,0.9347368421052632
739,6300,80,500,rf,0.9368421052631579
740,7200,80,500,rf,0.9136842105263157
741,8100,80,500,rf,0.9305263157894738
742,9000,80,500,rf,0.9284210526315789
743,9900,80,500,rf,0.9305263157894736
744,100,80,500,rf,0.9705263157894737
745,900,80,500,rf,0.9578947368421052
746,1800,80,500,rf,0.9515789473684211
747,2700,80,500,rf,0.96
748,3600,80,500,rf,0.9494736842105262
749,4500,80,500,rf,0.9284210526315789
750,5400,80,500,rf,0.9557894736842105
751,6300,80,500,rf,0.9389473684210526
752,7200,80,500,rf,0.9515789473684211
753,8100,80,500,rf,0.9136842105263159
754,9000,80,500,rf,0.9410526315789474
755,9900,80,500,rf,0.96
756,100,80,500,rf,0.9494736842105262
757,900,80,500,rf,0.9578947368421052
758,1800,80,500,rf,0.9578947368421052
759,2700,80,500,rf,0.9410526315789474
760,3600,80,500,rf,0.9557894736842105
761,4500,80,500,rf,0.9452631578947368
762,5400,80,500,rf,0.9368421052631579
763,6300,80,500,rf,0.9642105263157894
764,7200,80,500,rf,0.9431578947368421
765,8100,80,500,rf,0.9389473684210526
766,9000,80,500,rf,0.96
767,9900,80,500,rf,0.9284210526315789
768,100,80,500,rf,0.8673684210526316
769,900,80,500,rf,0.8736842105263157
770,1800,80,500,rf,0.84
771,2700,80,500,rf,0.8336842105263158
772,3600,80,500,rf,0.8063157894736842
773,4500,80,500,rf,0.8042105263157895
774,5400,80,500,rf,0.8463157894736841
775,6300,80,500,rf,0.8210526315789474
776,7200,80,500,rf,0.7978947368421052
777,8100,80,500,rf,0.7873684210526316
778,9000,80,500,rf,0.8189473684210526
779,9900,80,500,rf,0.8189473684210526
780,100,80,500,rf,0.9621052631578947
781,900,80,500,rf,0.951578947368421
782,1800,80,500,rf,0.9473684210526315
783,2700,80,500,rf,0.96
784,3600,80,500,rf,0.9410526315789474
785,4500,80,500,rf,0.9557894736842105
786,5400,80,500,rf,0.9557894736842105
787,6300,80,500,rf,0.9726315789473685
788,7200,80,500,rf,0.9473684210526315
789,8100,80,500,rf,0.9684210526315788
790,9000,80,500,rf,0.9557894736842105
791,9900,80,500,rf,0.9621052631578948
792,100,80,500,rf,0.9789473684210526
793,900,80,500,rf,0.9642105263157894
794,1800,80,500,rf,0.9389473684210526
795,2700,80,500,rf,0.9515789473684211
796,3600,80,500,rf,0.9326315789473684
797,4500,80,500,rf,0.9494736842105262
798,5400,80,500,rf,0.9178947368421053
799,6300,80,500,rf,0.8610526315789474
800,7200,80,500,rf,0.9073684210526316
801,8100,80,500,rf,0.848421052631579
802,9000,80,500,rf,0.8821052631578947
803,9900,80,500,rf,0.8863157894736842
804,100,80,500,rf,0.8926315789473684
805,900,80,500,rf,0.8905263157894736
806,1800,80,500,rf,0.8673684210526316
807,2700,80,500,rf,0.8652631578947367
808,3600,80,500,rf,0.871578947368421
809,4500,80,500,rf,0.8821052631578947
810,5400,80,500,rf,0.8568421052631578
811,6300,80,500,rf,0.88
812,7200,80,500,rf,0.8694736842105263
813,8100,80,500,rf,0.8568421052631578
814,9000,80,500,rf,0.8863157894736842
815,9900,80,500,rf,0.871578947368421
816,100,80,500,rf,0.96
817,900,80,500,rf,0.9178947368421053
818,1800,80,500,rf,0.9073684210526316
819,2700,80,500,rf,0.8757894736842105
820,3600,80,500,rf,0.911578947368421
821,4500,80,500,rf,0.9178947368421053
822,5400,80,500,rf,0.9094736842105262
823,6300,80,500,rf,0.9242105263157895
824,7200,80,500,rf,0.9073684210526316
825,8100,80,500,rf,0.9031578947368422
826,9000,80,500,rf,0.8736842105263158
827,9900,80,500,rf,0.9178947368421053
828,100,80,500,rf,0.9221052631578948
829,900,80,500,rf,0.9136842105263157
830,1800,80,500,rf,0.8842105263157896
831,2700,80,500,rf,0.9010526315789473
832,3600,80,500,rf,0.911578947368421
833,4500,80,500,rf,0.8631578947368421
834,5400,80,500,rf,0.8989473684210526
835,6300,80,500,rf,0.8715789473684211
836,7200,80,500,rf,0.8863157894736842
837,8100,80,500,rf,0.8968421052631579
838,9000,80,500,rf,0.8210526315789474
839,9900,80,500,rf,0.88
840,100,80,500,rf,0.9157894736842105
841,900,80,500,rf,0.8547368421052632
842,1800,80,500,rf,0.8863157894736842
843,2700,80,500,rf,0.8210526315789474
844,3600,80,500,rf,0.8526315789473684
845,4500,80,500,rf,0.8589473684210527
846,5400,80,500,rf,0.8
847,6300,80,500,rf,0.8147368421052631
848,7200,80,500,rf,0.8378947368421052
849,8100,80,500,rf,0.7663157894736843
850,9000,80,500,rf,0.8589473684210527
851,9900,80,500,rf,0.8231578947368421
852,100,80,500,rf,0.9684210526315788
853,900,80,500,rf,0.9515789473684211
854,1800,80,500,rf,0.9473684210526316
855,2700,80,500,rf,0.9494736842105262
856,3600,80,500,rf,0.9473684210526316
857,4500,80,500,rf,0.9452631578947368
858,5400,80,500,rf,0.9389473684210526
859,6300,80,500,rf,0.9284210526315788
860,7200,80,500,rf,0.9494736842105262
861,8100,80,500,rf,0.9326315789473684
862,9000,80,500,rf,0.9136842105263157
863,9900,80,500,rf,0.9242105263157895
864,100,80,500,rf,0.7613782355047283
865,900,80,500,rf,0.7289442092626525
866,1800,80,500,rf,0.767907162865146
867,2700,80,500,rf,0.7422126745435016
868,3600,80,500,rf,0.7190455129420189
869,4500,80,500,rf,0.6465954802973821
870,5400,80,500,rf,0.743686948463596
871,6300,80,500,rf,0.6992481203007519
872,7200,80,500,rf,0.7116741433415471
873,8100,80,500,rf,0.7213622291021672
874,9000,80,500,rf,0.7144120806217225
875,9900,80,500,rf,0.6870327078199701
876,100,80,500,rf,0.7852631578947369
877,900,80,500,rf,0.7136842105263158
878,1800,80,500,rf,0.728421052631579
879,2700,80,500,rf,0.8126315789473685
880,3600,80,500,rf,0.72
881,4500,80,500,rf,0.7073684210526316
882,5400,80,500,rf,0.7305263157894737
883,6300,80,500,rf,0.68
884,7200,80,500,rf,0.68
885,8100,80,500,rf,0.6463157894736843
886,9000,80,500,rf,0.7305263157894737
887,9900,80,500,rf,0.6336842105263158
888,100,80,500,rf,0.8926315789473684
889,900,80,500,rf,0.8905263157894736
890,1800,80,500,rf,0.8863157894736842
891,2700,80,500,rf,0.8905263157894736
892,3600,80,500,rf,0.871578947368421
893,4500,80,500,rf,0.8757894736842105
894,5400,80,500,rf,0.8147368421052632
895,6300,80,500,rf,0.8610526315789474
896,7200,80,500,rf,0.888421052631579
897,8100,80,500,rf,0.8863157894736842
898,9000,80,500,rf,0.8821052631578947
899,9900,80,500,rf,0.8442105263157895
900,100,80,500,rf,0.84
901,900,80,500,rf,0.8252631578947368
902,1800,80,500,rf,0.76
903,2700,80,500,rf,0.783157894736842
904,3600,80,500,rf,0.6926315789473684
905,4500,80,500,rf,0.6589473684210526
906,5400,80,500,rf,0.6968421052631579
907,6300,80,500,rf,0.6568421052631579
908,7200,80,500,rf,0.6842105263157895
909,8100,80,500,rf,0.68
910,9000,80,500,rf,0.7221052631578948
911,9900,80,500,rf,0.7263157894736842
912,100,80,500,rf,0.9242105263157895
913,900,80,500,rf,0.9263157894736842
914,1800,80,500,rf,0.8989473684210526
915,2700,80,500,rf,0.8947368421052633
916,3600,80,500,rf,0.9199999999999999
917,4500,80,500,rf,0.8757894736842105
918,5400,80,500,rf,0.8821052631578947
919,6300,80,500,rf,0.8736842105263158
920,7200,80,500,rf,0.888421052631579
921,8100,80,500,rf,0.8505263157894738
922,9000,80,500,rf,0.8778947368421053
923,9900,80,500,rf,0.8547368421052632
924,100,80,500,rf,0.9705263157894737
925,900,80,500,rf,0.9389473684210526
926,1800,80,500,rf,0.9473684210526315
927,2700,80,500,rf,0.9621052631578947
928,3600,80,500,rf,0.9410526315789474
929,4500,80,500,rf,0.8905263157894736
930,5400,80,500,rf,0.9473684210526316
931,6300,80,500,rf,0.888421052631579
932,7200,80,500,rf,0.9178947368421053
933,8100,80,500,rf,0.9536842105263158
934,9000,80,500,rf,0.9052631578947368
935,9900,80,500,rf,0.9431578947368421
936,100,80,500,rf,0.8989473684210526
937,900,80,500,rf,0.9094736842105262
938,1800,80,500,rf,0.9094736842105262
939,2700,80,500,rf,0.9031578947368422
940,3600,80,500,rf,0.9073684210526316
941,4500,80,500,rf,0.9052631578947368
942,5400,80,500,rf,0.9031578947368422
943,6300,80,500,rf,0.9452631578947368
944,7200,80,500,rf,0.9031578947368422
945,8100,80,500,rf,0.8968421052631579
946,9000,80,500,rf,0.9010526315789473
947,9900,80,500,rf,0.9031578947368422
948,100,80,500,rf,0.8205598028685158
949,900,80,500,rf,0.814030875508098
950,1800,80,500,rf,0.7952865356668983
951,2700,80,500,rf,0.7954971462269118
952,3600,80,500,rf,0.8414102483098502
953,4500,80,500,rf,0.79296981950675
954,5400,80,500,rf,0.814030875508098
955,6300,80,500,rf,0.8100292748678419
956,7200,80,500,rf,0.7714875423853752
957,8100,80,500,rf,0.8013942419072893
958,9000,80,500,rf,0.8207704134285293
959,9900,80,500,rf,0.809608053747815
960,100,80,500,rf,0.991578947368421
961,900,80,500,rf,0.9894736842105263
962,1800,80,500,rf,0.9873684210526315
963,2700,80,500,rf,0.9894736842105263
964,3600,80,500,rf,0.9894736842105263
965,4500,80,500,rf,0.9852631578947368
966,5400,80,500,rf,0.9789473684210526
967,6300,80,500,rf,0.9726315789473685
968,7200,80,500,rf,0.9894736842105263
969,8100,80,500,rf,0.9873684210526315
970,9000,80,500,rf,0.9873684210526315
971,9900,80,500,rf,0.9894736842105263
972,100,80,500,rf,0.8778947368421053
973,900,80,500,rf,0.8463157894736841
974,1800,80,500,rf,0.854736842105263
975,2700,80,500,rf,0.8357894736842105
976,3600,80,500,rf,0.8421052631578947
977,4500,80,500,rf,0.8210526315789474
978,5400,80,500,rf,0.8273684210526315
979,6300,80,500,rf,0.8378947368421052
980,7200,80,500,rf,0.831578947368421
981,8100,80,500,rf,0.8021052631578948
982,9000,80,500,rf,0.7957894736842106
983,9900,80,500,rf,0.8
984,100,80,500,rf,0.9242105263157895
985,900,80,500,rf,0.9073684210526316
986,1800,80,500,rf,0.9284210526315789
987,2700,80,500,rf,0.9221052631578948
988,3600,80,500,rf,0.9073684210526316
989,4500,80,500,rf,0.9031578947368422
990,5400,80,500,rf,0.8989473684210527
991,6300,80,500,rf,0.9221052631578948
992,7200,80,500,rf,0.8989473684210527
993,8100,80,500,rf,0.8926315789473683
994,9000,80,500,rf,0.871578947368421
995,9900,80,500,rf,0.88
996,100,80,500,rf,0.9071207430340558
997,900,80,500,rf,0.9260756934352687
998,1800,80,500,rf,0.9197573766348646
999,2700,80,500,rf,0.8671047366314947
1000,3600,80,500,rf,0.9281817990354035
1001,4500,80,500,rf,0.8797413702323034
1002,5400,80,500,rf,0.9113329542343253
1003,6300,80,500,rf,0.9113329542343254
1004,7200,80,500,rf,0.8692108422316295
1005,8100,80,500,rf,0.9155451654345949
1006,9000,80,500,rf,0.9302879046355383
1007,9900,80,500,rf,0.8942734988732335
1008,100,80,500,rf,0.9663157894736841
1009,900,80,500,rf,0.9305263157894736
1010,1800,80,500,rf,0.9347368421052632
1011,2700,80,500,rf,0.9073684210526316
1012,3600,80,500,rf,0.911578947368421
1013,4500,80,500,rf,0.9326315789473684
1014,5400,80,500,rf,0.9263157894736842
1015,6300,80,500,rf,0.9410526315789474
1016,7200,80,500,rf,0.8757894736842105
1017,8100,80,500,rf,0.8989473684210527
1018,9000,80,500,rf,0.9073684210526316
1019,9900,80,500,rf,0.8294736842105264
1020,100,80,500,rf,0.9578947368421054
1021,900,80,500,rf,0.9368421052631579
1022,1800,80,500,rf,0.9621052631578947
1023,2700,80,500,rf,0.9284210526315789
1024,3600,80,500,rf,0.9221052631578948
1025,4500,80,500,rf,0.8905263157894736
1026,5400,80,500,rf,0.9199999999999999
1027,6300,80,500,rf,0.8947368421052632
1028,7200,80,500,rf,0.9221052631578948
1029,8100,80,500,rf,0.9431578947368421
1030,9000,80,500,rf,0.9263157894736842
1031,9900,80,500,rf,0.9410526315789474
1032,100,80,500,rf,0.9094736842105264
1033,900,80,500,rf,0.888421052631579
1034,1800,80,500,rf,0.848421052631579
1035,2700,80,500,rf,0.8736842105263157
1036,3600,80,500,rf,0.8042105263157895
1037,4500,80,500,rf,0.8442105263157895
1038,5400,80,500,rf,0.8294736842105264
1039,6300,80,500,rf,0.831578947368421
1040,7200,80,500,rf,0.8
1041,8100,80,500,rf,0.8
1042,9000,80,500,rf,0.8821052631578947
1043,9900,80,500,rf,0.791578947368421
1044,100,80,500,rf,0.9284210526315789
1045,900,80,500,rf,0.92
1046,1800,80,500,rf,0.9073684210526316
1047,2700,80,500,rf,0.8926315789473684
1048,3600,80,500,rf,0.9136842105263159
1049,4500,80,500,rf,0.8968421052631579
1050,5400,80,500,rf,0.8842105263157894
1051,6300,80,500,rf,0.8652631578947367
1052,7200,80,500,rf,0.9178947368421053
1053,8100,80,500,rf,0.8610526315789473
1054,9000,80,500,rf,0.9157894736842105
1055,9900,80,500,rf,0.8863157894736842
1056,100,80,500,rf,0.9536842105263158
1057,900,80,500,rf,0.9284210526315789
1058,1800,80,500,rf,0.9347368421052631
1059,2700,80,500,rf,0.9326315789473684
1060,3600,80,500,rf,0.9178947368421053
1061,4500,80,500,rf,0.9199999999999999
1062,5400,80,500,rf,0.9284210526315789
1063,6300,80,500,rf,0.9010526315789473
1064,7200,80,500,rf,0.9094736842105262
1065,8100,80,500,rf,0.9221052631578948
1066,9000,80,500,rf,0.9221052631578948
1067,9900,80,500,rf,0.9284210526315789
1068,100,80,500,rf,0.7936842105263158
1069,900,80,500,rf,0.7789473684210526
1070,1800,80,500,rf,0.7957894736842106
1071,2700,80,500,rf,0.7368421052631579
1072,3600,80,500,rf,0.7515789473684211
1073,4500,80,500,rf,0.7852631578947369
1074,5400,80,500,rf,0.7747368421052632
1075,6300,80,500,rf,0.7557894736842106
1076,7200,80,500,rf,0.7326315789473684
1077,8100,80,500,rf,0.7263157894736842
1078,9000,80,500,rf,0.7726315789473683
1079,9900,80,500,rf,0.7284210526315789
1080,100,80,500,rf,0.9536842105263158
1081,900,80,500,rf,0.9621052631578948
1082,1800,80,500,rf,0.96
1083,2700,80,500,rf,0.9557894736842105
1084,3600,80,500,rf,0.9431578947368421
1085,4500,80,500,rf,0.96
1086,5400,80,500,rf,0.9452631578947368
1087,6300,80,500,rf,0.9389473684210525
1088,7200,80,500,rf,0.9663157894736842
1089,8100,80,500,rf,0.9305263157894738
1090,9000,80,500,rf,0.9473684210526315
1091,9900,80,500,rf,0.9684210526315788
1092,100,80,500,rf,0.9747368421052631
1093,900,80,500,rf,0.9473684210526316
1094,1800,80,500,rf,0.9473684210526316
1095,2700,80,500,rf,0.9389473684210526
1096,3600,80,500,rf,0.9368421052631579
1097,4500,80,500,rf,0.9368421052631579
1098,5400,80,500,rf,0.9347368421052632
1099,6300,80,500,rf,0.9368421052631579
1100,7200,80,500,rf,0.9452631578947368
1101,8100,80,500,rf,0.8610526315789473
1102,9000,80,500,rf,0.8926315789473684
1103,9900,80,500,rf,0.9136842105263159
1104,100,80,500,rf,0.9894736842105263
1105,900,80,500,rf,0.9726315789473685
1106,1800,80,500,rf,0.9726315789473685
1107,2700,80,500,rf,0.9726315789473685
1108,3600,80,500,rf,0.9621052631578948
1109,4500,80,500,rf,0.9726315789473685
1110,5400,80,500,rf,0.9684210526315788
1111,6300,80,500,rf,0.9578947368421054
1112,7200,80,500,rf,0.96
1113,8100,80,500,rf,0.9747368421052631
1114,9000,80,500,rf,0.9494736842105262
1115,9900,80,500,rf,0.951578947368421
1116,100,80,500,rf,0.9494736842105262
1117,900,80,500,rf,0.9347368421052632
1118,1800,80,500,rf,0.9431578947368421
1119,2700,80,500,rf,0.9284210526315789
1120,3600,80,500,rf,0.9452631578947368
1121,4500,80,500,rf,0.9221052631578948
1122,5400,80,500,rf,0.9347368421052632
1123,6300,80,500,rf,0.911578947368421
1124,7200,80,500,rf,0.9347368421052632
1125,8100,80,500,rf,0.9410526315789474
1126,9000,80,500,rf,0.9073684210526316
1127,9900,80,500,rf,0.9431578947368421
1128,100,80,500,rf,0.8799999999999999
1129,900,80,500,rf,0.8357894736842105
1130,1800,80,500,rf,0.8336842105263158
1131,2700,80,500,rf,0.7536842105263158
1132,3600,80,500,rf,0.848421052631579
1133,4500,80,500,rf,0.8
1134,5400,80,500,rf,0.751578947368421
1135,6300,80,500,rf,0.6968421052631579
1136,7200,80,500,rf,0.7578947368421053
1137,8100,80,500,rf,0.7368421052631579
1138,9000,80,500,rf,0.7747368421052632
1139,9900,80,500,rf,0.7494736842105264
1140,100,80,500,rf,0.9263157894736842
1141,900,80,500,rf,0.8989473684210526
1142,1800,80,500,rf,0.888421052631579
1143,2700,80,500,rf,0.8863157894736842
1144,3600,80,500,rf,0.8673684210526316
1145,4500,80,500,rf,0.8357894736842105
1146,5400,80,500,rf,0.8378947368421052
1147,6300,80,500,rf,0.8947368421052632
1148,7200,80,500,rf,0.8631578947368421
1149,8100,80,500,rf,0.8421052631578947
1150,9000,80,500,rf,0.888421052631579
1151,9900,80,500,rf,0.8336842105263158
1152,100,80,500,rf,0.9747368421052631
1153,900,80,500,rf,0.9642105263157894
1154,1800,80,500,rf,0.9494736842105262
1155,2700,80,500,rf,0.9452631578947368
1156,3600,80,500,rf,0.9473684210526315
1157,4500,80,500,rf,0.9389473684210526
1158,5400,80,500,rf,0.92
1159,6300,80,500,rf,0.9663157894736842
1160,7200,80,500,rf,0.9263157894736842
1161,8100,80,500,rf,0.9389473684210526
1162,9000,80,500,rf,0.9473684210526315
1163,9900,80,500,rf,0.9221052631578948
1164,100,80,500,rf,0.9705263157894737
1165,900,80,500,rf,0.9578947368421052
1166,1800,80,500,rf,0.9515789473684211
1167,2700,80,500,rf,0.9326315789473684
1168,3600,80,500,rf,0.9578947368421052
1169,4500,80,500,rf,0.9368421052631579
1170,5400,80,500,rf,0.9326315789473684
1171,6300,80,500,rf,0.9642105263157894
1172,7200,80,500,rf,0.9431578947368421
1173,8100,80,500,rf,0.9347368421052632
1174,9000,80,500,rf,0.9557894736842104
1175,9900,80,500,rf,0.9326315789473685
1176,100,80,500,rf,0.9789473684210526
1177,900,80,500,rf,0.9684210526315788
1178,1800,80,500,rf,0.9726315789473683
1179,2700,80,500,rf,0.9684210526315788
1180,3600,80,500,rf,0.9663157894736842
1181,4500,80,500,rf,0.9684210526315788
1182,5400,80,500,rf,0.9810526315789474
1183,6300,80,500,rf,0.9642105263157894
1184,7200,80,500,rf,0.96
1185,8100,80,500,rf,0.9452631578947368
1186,9000,80,500,rf,0.9705263157894737
1187,9900,80,500,rf,0.96
1188,100,80,500,rf,0.8736842105263158
1189,900,80,500,rf,0.8568421052631578
1190,1800,80,500,rf,0.8421052631578947
1191,2700,80,500,rf,0.8210526315789474
1192,3600,80,500,rf,0.8378947368421052
1193,4500,80,500,rf,0.831578947368421
1194,5400,80,500,rf,0.8210526315789474
1195,6300,80,500,rf,0.7957894736842106
1196,7200,80,500,rf,0.8231578947368421
1197,8100,80,500,rf,0.8126315789473685
1198,9000,80,500,rf,0.8357894736842105
1199,9900,80,500,rf,0.7810526315789474
1200,100,80,500,mvrf,0.9726315789473685
1201,900,80,500,mvrf,0.976842105263158
1202,1800,80,500,mvrf,0.9726315789473685
1203,2700,80,500,mvrf,0.9663157894736842
1204,3600,80,500,mvrf,0.9726315789473683
1205,4500,80,500,mvrf,0.9705263157894737
1206,5400,80,500,mvrf,0.9747368421052631
1207,6300,80,500,mvrf,0.9705263157894737
1208,7200,80,500,mvrf,0.9684210526315788
1209,8100,80,500,mvrf,0.9747368421052631
1210,9000,80,500,mvrf,0.9705263157894737
1211,9900,80,500,mvrf,0.9705263157894737
1212,100,80,500,mvrf,0.8442105263157894
1213,900,80,500,mvrf,0.8442105263157895
1214,1800,80,500,mvrf,0.8526315789473684
1215,2700,80,500,mvrf,0.8442105263157895
1216,3600,80,500,mvrf,0.8505263157894736
1217,4500,80,500,mvrf,0.8421052631578947
1218,5400,80,500,mvrf,0.8505263157894738
1219,6300,80,500,mvrf,0.8378947368421052
1220,7200,80,500,mvrf,0.848421052631579
1221,8100,80,500,mvrf,0.8400000000000001
1222,9000,80,500,mvrf,0.8400000000000001
1223,9900,80,500,mvrf,0.848421052631579
1224,100,80,500,mvrf,0.8294736842105264
1225,900,80,500,mvrf,0.8378947368421052
1226,1800,80,500,mvrf,0.8210526315789474
1227,2700,80,500,mvrf,0.8378947368421052
1228,3600,80,500,mvrf,0.8463157894736841
1229,4500,80,500,mvrf,0.8336842105263158
1230,5400,80,500,mvrf,0.831578947368421
1231,6300,80,500,mvrf,0.8231578947368421
1232,7200,80,500,mvrf,0.8336842105263158
1233,8100,80,500,mvrf,0.8294736842105264
1234,9000,80,500,mvrf,0.8084210526315789
1235,9900,80,500,mvrf,0.831578947368421
1236,100,80,500,mvrf,0.9094736842105262
1237,900,80,500,mvrf,0.9052631578947368
1238,1800,80,500,mvrf,0.894736842105263
1239,2700,80,500,mvrf,0.8968421052631579
1240,3600,80,500,mvrf,0.9031578947368422
1241,4500,80,500,mvrf,0.8926315789473684
1242,5400,80,500,mvrf,0.9010526315789473
1243,6300,80,500,mvrf,0.9052631578947368
1244,7200,80,500,mvrf,0.8926315789473684
1245,8100,80,500,mvrf,0.8863157894736842
1246,9000,80,500,mvrf,0.8905263157894736
1247,9900,80,500,mvrf,0.8947368421052633
1248,100,80,500,mvrf,0.9452631578947368
1249,900,80,500,mvrf,0.9431578947368421
1250,1800,80,500,mvrf,0.9389473684210526
1251,2700,80,500,mvrf,0.9494736842105262
1252,3600,80,500,mvrf,0.9410526315789474
1253,4500,80,500,mvrf,0.9389473684210526
1254,5400,80,500,mvrf,0.951578947368421
1255,6300,80,500,mvrf,0.9347368421052632
1256,7200,80,500,mvrf,0.9410526315789474
1257,8100,80,500,mvrf,0.9410526315789474
1258,9000,80,500,mvrf,0.9347368421052632
1259,9900,80,500,mvrf,0.9347368421052631
1260,100,80,500,mvrf,1.0
1261,900,80,500,mvrf,1.0
1262,1800,80,500,mvrf,1.0
1263,2700,80,500,mvrf,0.9957894736842106
1264,3600,80,500,mvrf,1.0
1265,4500,80,500,mvrf,0.9957894736842106
1266,5400,80,500,mvrf,0.9957894736842106
1267,6300,80,500,mvrf,0.9957894736842106
1268,7200,80,500,mvrf,0.9957894736842106
1269,8100,80,500,mvrf,0.9957894736842106
1270,9000,80,500,mvrf,1.0
1271,9900,80,500,mvrf,0.9978947368421052
1272,100,80,500,mvrf,0.8336842105263158
1273,900,80,500,mvrf,0.8168421052631579
1274,1800,80,500,mvrf,0.8210526315789474
1275,2700,80,500,mvrf,0.8105263157894737
1276,3600,80,500,mvrf,0.8126315789473684
1277,4500,80,500,mvrf,0.8336842105263158
1278,5400,80,500,mvrf,0.8294736842105264
1279,6300,80,500,mvrf,0.8189473684210526
1280,7200,80,500,mvrf,0.8252631578947369
1281,8100,80,500,mvrf,0.8189473684210526
1282,9000,80,500,mvrf,0.8273684210526315
1283,9900,80,500,mvrf,0.8273684210526315
1284,100,80,500,mvrf,0.9812556601588005
1285,900,80,500,mvrf,0.9730418483182747
1286,1800,80,500,mvrf,0.974937343358396
1287,2700,80,500,mvrf,0.9770434489585307
1288,3600,80,500,mvrf,0.9730418483182747
1289,4500,80,500,mvrf,0.9751479539184095
1290,5400,80,500,mvrf,0.9751479539184095
1291,6300,80,500,mvrf,0.9751479539184095
1292,7200,80,500,mvrf,0.9730418483182747
1293,8100,80,500,mvrf,0.9772540595185442
1294,9000,80,500,mvrf,0.9751479539184095
1295,9900,80,500,mvrf,0.9730418483182747
1296,100,80,500,mvrf,0.9578947368421054
1297,900,80,500,mvrf,0.9515789473684211
1298,1800,80,500,mvrf,0.9557894736842105
1299,2700,80,500,mvrf,0.9473684210526315
1300,3600,80,500,mvrf,0.9494736842105262
1301,4500,80,500,mvrf,0.9494736842105262
1302,5400,80,500,mvrf,0.9473684210526316
1303,6300,80,500,mvrf,0.9494736842105262
1304,7200,80,500,mvrf,0.9642105263157894
1305,8100,80,500,mvrf,0.9452631578947368
1306,9000,80,500,mvrf,0.9452631578947368
1307,9900,80,500,mvrf,0.9473684210526316
1308,100,80,500,mvrf,1.0
1309,900,80,500,mvrf,1.0
1310,1800,80,500,mvrf,1.0
1311,2700,80,500,mvrf,1.0
1312,3600,80,500,mvrf,1.0
1313,4500,80,500,mvrf,1.0
1314,5400,80,500,mvrf,1.0
1315,6300,80,500,mvrf,1.0
1316,7200,80,500,mvrf,1.0
1317,8100,80,500,mvrf,1.0
1318,9000,80,500,mvrf,1.0
1319,9900,80,500,mvrf,1.0
1320,100,80,500,mvrf,0.9536842105263158
1321,900,80,500,mvrf,0.9473684210526315
1322,1800,80,500,mvrf,0.9368421052631579
1323,2700,80,500,mvrf,0.9431578947368421
1324,3600,80,500,mvrf,0.9389473684210526
1325,4500,80,500,mvrf,0.9473684210526315
1326,5400,80,500,mvrf,0.9410526315789474
1327,6300,80,500,mvrf,0.9452631578947368
1328,7200,80,500,mvrf,0.9473684210526315
1329,8100,80,500,mvrf,0.9473684210526315
1330,9000,80,500,mvrf,0.9452631578947368
1331,9900,80,500,mvrf,0.9431578947368421
1332,100,80,500,mvrf,0.9284210526315789
1333,900,80,500,mvrf,0.9263157894736842
1334,1800,80,500,mvrf,0.9136842105263159
1335,2700,80,500,mvrf,0.8989473684210527
1336,3600,80,500,mvrf,0.9010526315789473
1337,4500,80,500,mvrf,0.8947368421052632
1338,5400,80,500,mvrf,0.8968421052631579
1339,6300,80,500,mvrf,0.8926315789473684
1340,7200,80,500,mvrf,0.9136842105263159
1341,8100,80,500,mvrf,0.8926315789473684
1342,9000,80,500,mvrf,0.9010526315789473
1343,9900,80,500,mvrf,0.9052631578947368
1344,100,80,500,mvrf,0.9684210526315788
1345,900,80,500,mvrf,0.9705263157894737
1346,1800,80,500,mvrf,0.9663157894736842
1347,2700,80,500,mvrf,0.9705263157894737
1348,3600,80,500,mvrf,0.9663157894736842
1349,4500,80,500,mvrf,0.9726315789473683
1350,5400,80,500,mvrf,0.96
1351,6300,80,500,mvrf,0.9642105263157894
1352,7200,80,500,mvrf,0.9642105263157894
1353,8100,80,500,mvrf,0.9663157894736842
1354,9000,80,500,mvrf,0.96
1355,9900,80,500,mvrf,0.9621052631578948
1356,100,80,500,mvrf,0.9936842105263157
1357,900,80,500,mvrf,0.9936842105263157
1358,1800,80,500,mvrf,0.991578947368421
1359,2700,80,500,mvrf,0.9957894736842106
1360,3600,80,500,mvrf,0.991578947368421
1361,4500,80,500,mvrf,0.9936842105263157
1362,5400,80,500,mvrf,0.991578947368421
1363,6300,80,500,mvrf,0.9936842105263157
1364,7200,80,500,mvrf,0.9894736842105263
1365,8100,80,500,mvrf,0.991578947368421
1366,9000,80,500,mvrf,0.9894736842105263
1367,9900,80,500,mvrf,0.991578947368421
1368,100,80,500,mvrf,0.9957894736842106
1369,900,80,500,mvrf,0.9936842105263157
1370,1800,80,500,mvrf,0.9957894736842106
1371,2700,80,500,mvrf,0.9936842105263157
1372,3600,80,500,mvrf,0.9978947368421052
1373,4500,80,500,mvrf,0.9957894736842106
1374,5400,80,500,mvrf,0.9915789473684211
1375,6300,80,500,mvrf,0.9957894736842106
1376,7200,80,500,mvrf,0.9915789473684211
1377,8100,80,500,mvrf,1.0
1378,9000,80,500,mvrf,0.9936842105263157
1379,9900,80,500,mvrf,0.9894736842105263
1380,100,80,500,mvrf,0.9157894736842106
1381,900,80,500,mvrf,0.9157894736842105
1382,1800,80,500,mvrf,0.9178947368421053
1383,2700,80,500,mvrf,0.9094736842105264
1384,3600,80,500,mvrf,0.9178947368421053
1385,4500,80,500,mvrf,0.9052631578947368
1386,5400,80,500,mvrf,0.8778947368421053
1387,6300,80,500,mvrf,0.8968421052631579
1388,7200,80,500,mvrf,0.888421052631579
1389,8100,80,500,mvrf,0.8821052631578947
1390,9000,80,500,mvrf,0.8947368421052633
1391,9900,80,500,mvrf,0.8821052631578947
1392,100,80,500,mvrf,0.8631578947368421
1393,900,80,500,mvrf,0.8673684210526316
1394,1800,80,500,mvrf,0.854736842105263
1395,2700,80,500,mvrf,0.871578947368421
1396,3600,80,500,mvrf,0.8631578947368421
1397,4500,80,500,mvrf,0.8463157894736841
1398,5400,80,500,mvrf,0.8631578947368421
1399,6300,80,500,mvrf,0.8505263157894738
1400,7200,80,500,mvrf,0.8526315789473684
1401,8100,80,500,mvrf,0.8463157894736841
1402,9000,80,500,mvrf,0.8547368421052632
1403,9900,80,500,mvrf,0.8526315789473684
1404,100,80,500,mvrf,0.88
1405,900,80,500,mvrf,0.8610526315789473
1406,1800,80,500,mvrf,0.8757894736842106
1407,2700,80,500,mvrf,0.8694736842105263
1408,3600,80,500,mvrf,0.8799999999999999
1409,4500,80,500,mvrf,0.8589473684210527
1410,5400,80,500,mvrf,0.8610526315789473
1411,6300,80,500,mvrf,0.8694736842105263
1412,7200,80,500,mvrf,0.8568421052631578
1413,8100,80,500,mvrf,0.8568421052631578
1414,9000,80,500,mvrf,0.8652631578947368
1415,9900,80,500,mvrf,0.8652631578947368
1416,100,80,500,mvrf,1.0
1417,900,80,500,mvrf,1.0
1418,1800,80,500,mvrf,1.0
1419,2700,80,500,mvrf,1.0
1420,3600,80,500,mvrf,1.0
1421,4500,80,500,mvrf,1.0
1422,5400,80,500,mvrf,1.0
1423,6300,80,500,mvrf,1.0
1424,7200,80,500,mvrf,1.0
1425,8100,80,500,mvrf,1.0
1426,9000,80,500,mvrf,1.0
1427,9900,80,500,mvrf,1.0
1428,100,80,500,mvrf,0.9810526315789474
1429,900,80,500,mvrf,0.9852631578947368
1430,1800,80,500,mvrf,0.9789473684210526
1431,2700,80,500,mvrf,0.9789473684210526
1432,3600,80,500,mvrf,0.9789473684210526
1433,4500,80,500,mvrf,0.9789473684210526
1434,5400,80,500,mvrf,0.9789473684210526
1435,6300,80,500,mvrf,0.9810526315789474
1436,7200,80,500,mvrf,0.9768421052631577
1437,8100,80,500,mvrf,0.9810526315789474
1438,9000,80,500,mvrf,0.9789473684210526
1439,9900,80,500,mvrf,0.9789473684210526
1440,100,80,500,mvrf,0.9494736842105262
1441,900,80,500,mvrf,0.9494736842105262
1442,1800,80,500,mvrf,0.9473684210526315
1443,2700,80,500,mvrf,0.9452631578947368
1444,3600,80,500,mvrf,0.9452631578947368
1445,4500,80,500,mvrf,0.9452631578947368
1446,5400,80,500,mvrf,0.9473684210526315
1447,6300,80,500,mvrf,0.9494736842105262
1448,7200,80,500,mvrf,0.9494736842105262
1449,8100,80,500,mvrf,0.9326315789473684
1450,9000,80,500,mvrf,0.9389473684210526
1451,9900,80,500,mvrf,0.951578947368421
1452,100,80,500,mvrf,0.8652631578947368
1453,900,80,500,mvrf,0.8694736842105263
1454,1800,80,500,mvrf,0.8589473684210527
1455,2700,80,500,mvrf,0.8568421052631578
1456,3600,80,500,mvrf,0.8610526315789474
1457,4500,80,500,mvrf,0.8610526315789474
1458,5400,80,500,mvrf,0.8652631578947368
1459,6300,80,500,mvrf,0.8547368421052632
1460,7200,80,500,mvrf,0.8673684210526316
1461,8100,80,500,mvrf,0.8610526315789473
1462,9000,80,500,mvrf,0.8673684210526316
1463,9900,80,500,mvrf,0.8652631578947368
1464,100,80,500,mvrf,0.9178947368421053
1465,900,80,500,mvrf,0.9221052631578948
1466,1800,80,500,mvrf,0.9136842105263159
1467,2700,80,500,mvrf,0.9221052631578948
1468,3600,80,500,mvrf,0.9242105263157894
1469,4500,80,500,mvrf,0.9263157894736843
1470,5400,80,500,mvrf,0.9178947368421053
1471,6300,80,500,mvrf,0.9178947368421053
1472,7200,80,500,mvrf,0.9094736842105264
1473,8100,80,500,mvrf,0.9094736842105264
1474,9000,80,500,mvrf,0.9136842105263159
1475,9900,80,500,mvrf,0.9052631578947368
1476,100,80,500,mvrf,0.9707251321581264
1477,900,80,500,mvrf,0.9707251321581265
1478,1800,80,500,mvrf,0.9623007097575873
1479,2700,80,500,mvrf,0.9770434489585307
1480,3600,80,500,mvrf,0.9540868979170616
1481,4500,80,500,mvrf,0.9686190265579917
1482,5400,80,500,mvrf,0.9686190265579917
1483,6300,80,500,mvrf,0.9601946041574525
1484,7200,80,500,mvrf,0.9540868979170616
1485,8100,80,500,mvrf,0.9625113203176008
1486,9000,80,500,mvrf,0.9561930035171964
1487,9900,80,500,mvrf,0.9646174259177355
1488,100,80,500,mvrf,0.9810450495987869
1489,900,80,500,mvrf,0.9749373433583961
1490,1800,80,500,mvrf,0.9688296371180052
1491,2700,80,500,mvrf,0.9686190265579917
1492,3600,80,500,mvrf,0.964406815357722
1493,4500,80,500,mvrf,0.9667235315178704
1494,5400,80,500,mvrf,0.9646174259177355
1495,6300,80,500,mvrf,0.960405214717466
1496,7200,80,500,mvrf,0.9646174259177355
1497,8100,80,500,mvrf,0.9646174259177355
1498,9000,80,500,mvrf,0.9623007097575873
1499,9900,80,500,mvrf,0.9561930035171964
1500,100,80,500,mvrf,0.983157894736842
1501,900,80,500,mvrf,0.9873684210526315
1502,1800,80,500,mvrf,0.9789473684210526
1503,2700,80,500,mvrf,0.9810526315789474
1504,3600,80,500,mvrf,0.9705263157894737
1505,4500,80,500,mvrf,0.9789473684210526
1506,5400,80,500,mvrf,0.9789473684210526
1507,6300,80,500,mvrf,0.9810526315789474
1508,7200,80,500,mvrf,0.983157894736842
1509,8100,80,500,mvrf,0.9810526315789474
1510,9000,80,500,mvrf,0.9726315789473683
1511,9900,80,500,mvrf,0.9789473684210526
1512,100,80,500,mvrf,0.9978947368421052
1513,900,80,500,mvrf,0.9957894736842106
1514,1800,80,500,mvrf,0.9978947368421052
1515,2700,80,500,mvrf,0.9978947368421052
1516,3600,80,500,mvrf,0.9978947368421052
1517,4500,80,500,mvrf,0.9978947368421052
1518,5400,80,500,mvrf,0.9957894736842106
1519,6300,80,500,mvrf,0.9978947368421052
1520,7200,80,500,mvrf,0.9978947368421052
1521,8100,80,500,mvrf,0.9978947368421052
1522,9000,80,500,mvrf,0.9936842105263157
1523,9900,80,500,mvrf,0.9957894736842106
1524,100,80,500,mvrf,0.8694736842105263
1525,900,80,500,mvrf,0.8778947368421053
1526,1800,80,500,mvrf,0.88
1527,2700,80,500,mvrf,0.8842105263157894
1528,3600,80,500,mvrf,0.8757894736842105
1529,4500,80,500,mvrf,0.88
1530,5400,80,500,mvrf,0.8736842105263158
1531,6300,80,500,mvrf,0.8778947368421053
1532,7200,80,500,mvrf,0.88
1533,8100,80,500,mvrf,0.8842105263157894
1534,9000,80,500,mvrf,0.8778947368421053
1535,9900,80,500,mvrf,0.8863157894736842
1536,100,80,500,mvrf,0.9621052631578947
1537,900,80,500,mvrf,0.9578947368421052
1538,1800,80,500,mvrf,0.9663157894736841
1539,2700,80,500,mvrf,0.9578947368421052
1540,3600,80,500,mvrf,0.9642105263157894
1541,4500,80,500,mvrf,0.9578947368421052
1542,5400,80,500,mvrf,0.9536842105263158
1543,6300,80,500,mvrf,0.9536842105263158
1544,7200,80,500,mvrf,0.9473684210526315
1545,8100,80,500,mvrf,0.9578947368421052
1546,9000,80,500,mvrf,0.9536842105263158
1547,9900,80,500,mvrf,0.951578947368421
1548,100,80,500,mvrf,0.9326315789473684
1549,900,80,500,mvrf,0.9473684210526315
1550,1800,80,500,mvrf,0.9473684210526315
1551,2700,80,500,mvrf,0.9368421052631579
1552,3600,80,500,mvrf,0.9389473684210526
1553,4500,80,500,mvrf,0.9347368421052632
1554,5400,80,500,mvrf,0.9242105263157895
1555,6300,80,500,mvrf,0.9347368421052632
1556,7200,80,500,mvrf,0.9494736842105262
1557,8100,80,500,mvrf,0.9347368421052632
1558,9000,80,500,mvrf,0.9389473684210526
1559,9900,80,500,mvrf,0.9452631578947368
1560,100,80,500,mvrf,0.9978947368421052
1561,900,80,500,mvrf,0.9978947368421052
1562,1800,80,500,mvrf,0.9978947368421052
1563,2700,80,500,mvrf,0.9957894736842106
1564,3600,80,500,mvrf,0.9978947368421052
1565,4500,80,500,mvrf,0.9978947368421052
1566,5400,80,500,mvrf,0.9978947368421052
1567,6300,80,500,mvrf,0.9957894736842106
1568,7200,80,500,mvrf,0.9978947368421052
1569,8100,80,500,mvrf,0.9978947368421052
1570,9000,80,500,mvrf,0.9957894736842106
1571,9900,80,500,mvrf,0.9957894736842106
1572,100,80,500,mvrf,0.991578947368421
1573,900,80,500,mvrf,0.9873684210526316
1574,1800,80,500,mvrf,0.9873684210526316
1575,2700,80,500,mvrf,0.9894736842105263
1576,3600,80,500,mvrf,0.9873684210526316
1577,4500,80,500,mvrf,0.991578947368421
1578,5400,80,500,mvrf,0.983157894736842
1579,6300,80,500,mvrf,0.9852631578947368
1580,7200,80,500,mvrf,0.991578947368421
1581,8100,80,500,mvrf,0.9852631578947368
1582,9000,80,500,mvrf,0.9873684210526316
1583,9900,80,500,mvrf,0.9894736842105263
1584,100,80,500,mvrf,0.9578947368421052
1585,900,80,500,mvrf,0.9494736842105262
1586,1800,80,500,mvrf,0.9536842105263158
1587,2700,80,500,mvrf,0.9431578947368421
1588,3600,80,500,mvrf,0.9410526315789474
1589,4500,80,500,mvrf,0.9431578947368421
1590,5400,80,500,mvrf,0.9410526315789474
1591,6300,80,500,mvrf,0.9263157894736843
1592,7200,80,500,mvrf,0.9368421052631579
1593,8100,80,500,mvrf,0.9494736842105262
1594,9000,80,500,mvrf,0.9242105263157895
1595,9900,80,500,mvrf,0.9452631578947368
1596,100,80,500,mvrf,0.9810526315789474
1597,900,80,500,mvrf,0.9684210526315788
1598,1800,80,500,mvrf,0.9684210526315788
1599,2700,80,500,mvrf,0.9726315789473683
1600,3600,80,500,mvrf,0.9705263157894737
1601,4500,80,500,mvrf,0.9684210526315788
1602,5400,80,500,mvrf,0.9684210526315788
1603,6300,80,500,mvrf,0.9684210526315788
1604,7200,80,500,mvrf,0.9705263157894737
1605,8100,80,500,mvrf,0.9684210526315788
1606,9000,80,500,mvrf,0.9684210526315788
1607,9900,80,500,mvrf,0.9684210526315788
1608,100,80,500,mvrf,0.9642105263157894
1609,900,80,500,mvrf,0.9684210526315788
1610,1800,80,500,mvrf,0.9663157894736842
1611,2700,80,500,mvrf,0.9684210526315788
1612,3600,80,500,mvrf,0.9684210526315788
1613,4500,80,500,mvrf,0.9642105263157894
1614,5400,80,500,mvrf,0.9621052631578947
1615,6300,80,500,mvrf,0.9642105263157894
1616,7200,80,500,mvrf,0.9747368421052631
1617,8100,80,500,mvrf,0.9684210526315788
1618,9000,80,500,mvrf,0.9705263157894737
1619,9900,80,500,mvrf,0.9663157894736841
1620,100,80,500,mvrf,0.8694736842105263
1621,900,80,500,mvrf,0.8631578947368421
1622,1800,80,500,mvrf,0.8694736842105264
1623,2700,80,500,mvrf,0.8673684210526316
1624,3600,80,500,mvrf,0.8652631578947368
1625,4500,80,500,mvrf,0.8673684210526316
1626,5400,80,500,mvrf,0.8610526315789473
1627,6300,80,500,mvrf,0.848421052631579
1628,7200,80,500,mvrf,0.8610526315789473
1629,8100,80,500,mvrf,0.8610526315789473
1630,9000,80,500,mvrf,0.8568421052631578
1631,9900,80,500,mvrf,0.871578947368421
1632,100,80,500,mvrf,0.8631578947368421
1633,900,80,500,mvrf,0.8631578947368421
1634,1800,80,500,mvrf,0.8568421052631578
1635,2700,80,500,mvrf,0.8652631578947367
1636,3600,80,500,mvrf,0.8673684210526316
1637,4500,80,500,mvrf,0.8505263157894736
1638,5400,80,500,mvrf,0.8568421052631578
1639,6300,80,500,mvrf,0.8421052631578947
1640,7200,80,500,mvrf,0.8631578947368421
1641,8100,80,500,mvrf,0.8610526315789473
1642,9000,80,500,mvrf,0.8568421052631578
1643,9900,80,500,mvrf,0.8547368421052632
1644,100,80,500,mvrf,0.96
1645,900,80,500,mvrf,0.9473684210526315
1646,1800,80,500,mvrf,0.9452631578947368
1647,2700,80,500,mvrf,0.96
1648,3600,80,500,mvrf,0.9473684210526315
1649,4500,80,500,mvrf,0.9389473684210526
1650,5400,80,500,mvrf,0.9389473684210526
1651,6300,80,500,mvrf,0.9452631578947368
1652,7200,80,500,mvrf,0.9242105263157895
1653,8100,80,500,mvrf,0.9410526315789474
1654,9000,80,500,mvrf,0.9410526315789474
1655,9900,80,500,mvrf,0.9389473684210526
1656,100,80,500,mvrf,0.9473684210526315
1657,900,80,500,mvrf,0.9431578947368421
1658,1800,80,500,mvrf,0.9410526315789474
1659,2700,80,500,mvrf,0.9347368421052632
1660,3600,80,500,mvrf,0.9431578947368421
1661,4500,80,500,mvrf,0.9452631578947368
1662,5400,80,500,mvrf,0.9473684210526315
1663,6300,80,500,mvrf,0.9452631578947368
1664,7200,80,500,mvrf,0.9305263157894736
1665,8100,80,500,mvrf,0.9389473684210526
1666,9000,80,500,mvrf,0.9368421052631579
1667,9900,80,500,mvrf,0.9305263157894736
1668,100,80,500,mvrf,0.9073684210526316
1669,900,80,500,mvrf,0.9094736842105264
1670,1800,80,500,mvrf,0.9136842105263159
1671,2700,80,500,mvrf,0.911578947368421
1672,3600,80,500,mvrf,0.9157894736842105
1673,4500,80,500,mvrf,0.9073684210526316
1674,5400,80,500,mvrf,0.911578947368421
1675,6300,80,500,mvrf,0.911578947368421
1676,7200,80,500,mvrf,0.9010526315789473
1677,8100,80,500,mvrf,0.9031578947368422
1678,9000,80,500,mvrf,0.9031578947368422
1679,9900,80,500,mvrf,0.9031578947368422
1680,100,80,500,mvrf,0.9242105263157895
1681,900,80,500,mvrf,0.9157894736842105
1682,1800,80,500,mvrf,0.9136842105263159
1683,2700,80,500,mvrf,0.9263157894736842
1684,3600,80,500,mvrf,0.911578947368421
1685,4500,80,500,mvrf,0.911578947368421
1686,5400,80,500,mvrf,0.9284210526315788
1687,6300,80,500,mvrf,0.9157894736842105
1688,7200,80,500,mvrf,0.9178947368421053
1689,8100,80,500,mvrf,0.9094736842105262
1690,9000,80,500,mvrf,0.9199999999999999
1691,9900,80,500,mvrf,0.9263157894736842
1692,100,80,500,mvrf,0.9515789473684211
1693,900,80,500,mvrf,0.9515789473684211
1694,1800,80,500,mvrf,0.9347368421052632
1695,2700,80,500,mvrf,0.9452631578947368
1696,3600,80,500,mvrf,0.9494736842105262
1697,4500,80,500,mvrf,0.9368421052631579
1698,5400,80,500,mvrf,0.9410526315789474
1699,6300,80,500,mvrf,0.9452631578947368
1700,7200,80,500,mvrf,0.9410526315789474
1701,8100,80,500,mvrf,0.9473684210526316
1702,9000,80,500,mvrf,0.9368421052631579
1703,9900,80,500,mvrf,0.9473684210526316
1704,100,80,500,mvrf,0.983157894736842
1705,900,80,500,mvrf,0.9789473684210526
1706,1800,80,500,mvrf,0.976842105263158
1707,2700,80,500,mvrf,0.976842105263158
1708,3600,80,500,mvrf,0.9789473684210526
1709,4500,80,500,mvrf,0.9705263157894737
1710,5400,80,500,mvrf,0.9705263157894737
1711,6300,80,500,mvrf,0.9810526315789474
1712,7200,80,500,mvrf,0.9684210526315788
1713,8100,80,500,mvrf,0.976842105263158
1714,9000,80,500,mvrf,0.9789473684210526
1715,9900,80,500,mvrf,0.976842105263158
1716,100,80,500,mvrf,0.8821052631578947
1717,900,80,500,mvrf,0.8905263157894736
1718,1800,80,500,mvrf,0.871578947368421
1719,2700,80,500,mvrf,0.8842105263157894
1720,3600,80,500,mvrf,0.888421052631579
1721,4500,80,500,mvrf,0.8842105263157896
1722,5400,80,500,mvrf,0.8589473684210527
1723,6300,80,500,mvrf,0.8842105263157896
1724,7200,80,500,mvrf,0.8757894736842106
1725,8100,80,500,mvrf,0.8863157894736842
1726,9000,80,500,mvrf,0.8821052631578947
1727,9900,80,500,mvrf,0.88
1728,100,80,500,mvrf,0.9978947368421052
1729,900,80,500,mvrf,0.9978947368421052
1730,1800,80,500,mvrf,0.9978947368421052
1731,2700,80,500,mvrf,0.9978947368421052
1732,3600,80,500,mvrf,0.9915789473684211
1733,4500,80,500,mvrf,0.9978947368421052
1734,5400,80,500,mvrf,0.9957894736842106
1735,6300,80,500,mvrf,0.9978947368421052
1736,7200,80,500,mvrf,0.9957894736842106
1737,8100,80,500,mvrf,0.9936842105263157
1738,9000,80,500,mvrf,0.9978947368421052
1739,9900,80,500,mvrf,0.9978947368421052
1740,100,80,500,mvrf,0.8483603967902951
1741,900,80,500,mvrf,0.8441481855900255
1742,1800,80,500,mvrf,0.8378298687896211
1743,2700,80,500,mvrf,0.8357237631894864
1744,3600,80,500,mvrf,0.8357237631894864
1745,4500,80,500,mvrf,0.8483603967902951
1746,5400,80,500,mvrf,0.8483603967902951
1747,6300,80,500,mvrf,0.8483603967902951
1748,7200,80,500,mvrf,0.8420420799898907
1749,8100,80,500,mvrf,0.8420420799898907
1750,9000,80,500,mvrf,0.8441481855900255
1751,9900,80,500,mvrf,0.8441481855900255
1752,100,80,500,mvrf,0.8526315789473684
1753,900,80,500,mvrf,0.8757894736842106
1754,1800,80,500,mvrf,0.8631578947368421
1755,2700,80,500,mvrf,0.8631578947368421
1756,3600,80,500,mvrf,0.8568421052631578
1757,4500,80,500,mvrf,0.8631578947368421
1758,5400,80,500,mvrf,0.8778947368421053
1759,6300,80,500,mvrf,0.8694736842105263
1760,7200,80,500,mvrf,0.8694736842105263
1761,8100,80,500,mvrf,0.8610526315789473
1762,9000,80,500,mvrf,0.848421052631579
1763,9900,80,500,mvrf,0.8526315789473684
1764,100,80,500,mvrf,0.9747368421052631
1765,900,80,500,mvrf,0.9789473684210526
1766,1800,80,500,mvrf,0.9747368421052631
1767,2700,80,500,mvrf,0.9747368421052631
1768,3600,80,500,mvrf,0.9768421052631577
1769,4500,80,500,mvrf,0.9768421052631577
1770,5400,80,500,mvrf,0.9747368421052631
1771,6300,80,500,mvrf,0.9789473684210526
1772,7200,80,500,mvrf,0.9768421052631577
1773,8100,80,500,mvrf,0.9768421052631577
1774,9000,80,500,mvrf,0.9747368421052631
1775,9900,80,500,mvrf,0.9789473684210526
1776,100,80,500,mvrf,0.9894736842105263
1777,900,80,500,mvrf,0.9810526315789474
1778,1800,80,500,mvrf,0.9810526315789474
1779,2700,80,500,mvrf,0.9852631578947368
1780,3600,80,500,mvrf,0.9810526315789474
1781,4500,80,500,mvrf,0.9852631578947368
1782,5400,80,500,mvrf,0.9789473684210526
1783,6300,80,500,mvrf,0.9810526315789474
1784,7200,80,500,mvrf,0.9810526315789474
1785,8100,80,500,mvrf,0.9789473684210526
1786,9000,80,500,mvrf,0.983157894736842
1787,9900,80,500,mvrf,0.9810526315789474
1788,100,80,500,mvrf,0.9663157894736842
1789,900,80,500,mvrf,0.9578947368421052
1790,1800,80,500,mvrf,0.9368421052631579
1791,2700,80,500,mvrf,0.9557894736842105
1792,3600,80,500,mvrf,0.9536842105263158
1793,4500,80,500,mvrf,0.9326315789473684
1794,5400,80,500,mvrf,0.9305263157894736
1795,6300,80,500,mvrf,0.9305263157894738
1796,7200,80,500,mvrf,0.9452631578947368
1797,8100,80,500,mvrf,0.9263157894736842
1798,9000,80,500,mvrf,0.9389473684210526
1799,9900,80,500,mvrf,0.9263157894736843
1800,100,80,500,mvrf,0.9578947368421052
1801,900,80,500,mvrf,0.9536842105263158
1802,1800,80,500,mvrf,0.9494736842105262
1803,2700,80,500,mvrf,0.951578947368421
1804,3600,80,500,mvrf,0.9473684210526315
1805,4500,80,500,mvrf,0.9389473684210526
1806,5400,80,500,mvrf,0.9663157894736842
1807,6300,80,500,mvrf,0.9578947368421052
1808,7200,80,500,mvrf,0.951578947368421
1809,8100,80,500,mvrf,0.9642105263157894
1810,9000,80,500,mvrf,0.9536842105263158
1811,9900,80,500,mvrf,0.9557894736842105
1812,100,80,500,mvrf,0.9810526315789474
1813,900,80,500,mvrf,0.9747368421052631
1814,1800,80,500,mvrf,0.9642105263157894
1815,2700,80,500,mvrf,0.9747368421052631
1816,3600,80,500,mvrf,0.9705263157894737
1817,4500,80,500,mvrf,0.9578947368421054
1818,5400,80,500,mvrf,0.9642105263157894
1819,6300,80,500,mvrf,0.9684210526315788
1820,7200,80,500,mvrf,0.9663157894736841
1821,8100,80,500,mvrf,0.9705263157894737
1822,9000,80,500,mvrf,0.9642105263157894
1823,9900,80,500,mvrf,0.976842105263158
1824,100,80,500,mvrf,0.9978947368421052
1825,900,80,500,mvrf,0.9936842105263157
1826,1800,80,500,mvrf,0.9936842105263157
1827,2700,80,500,mvrf,0.9936842105263157
1828,3600,80,500,mvrf,0.991578947368421
1829,4500,80,500,mvrf,0.9957894736842106
1830,5400,80,500,mvrf,0.9936842105263157
1831,6300,80,500,mvrf,0.9957894736842106
1832,7200,80,500,mvrf,0.9957894736842106
1833,8100,80,500,mvrf,0.9936842105263157
1834,9000,80,500,mvrf,0.9936842105263157
1835,9900,80,500,mvrf,0.9978947368421052
1836,100,80,500,mvrf,0.9410526315789474
1837,900,80,500,mvrf,0.9515789473684211
1838,1800,80,500,mvrf,0.9431578947368421
1839,2700,80,500,mvrf,0.9494736842105262
1840,3600,80,500,mvrf,0.9494736842105262
1841,4500,80,500,mvrf,0.9368421052631579
1842,5400,80,500,mvrf,0.9431578947368421
1843,6300,80,500,mvrf,0.9368421052631579
1844,7200,80,500,mvrf,0.9368421052631579
1845,8100,80,500,mvrf,0.9326315789473685
1846,9000,80,500,mvrf,0.9389473684210526
1847,9900,80,500,mvrf,0.9473684210526315
1848,100,80,500,mvrf,0.9810526315789474
1849,900,80,500,mvrf,0.9747368421052631
1850,1800,80,500,mvrf,0.9810526315789474
1851,2700,80,500,mvrf,0.9789473684210526
1852,3600,80,500,mvrf,0.9768421052631577
1853,4500,80,500,mvrf,0.9789473684210526
1854,5400,80,500,mvrf,0.983157894736842
1855,6300,80,500,mvrf,0.9789473684210526
1856,7200,80,500,mvrf,0.976842105263158
1857,8100,80,500,mvrf,0.9684210526315791
1858,9000,80,500,mvrf,0.9768421052631577
1859,9900,80,500,mvrf,0.976842105263158
1860,100,80,500,mvrf,0.9431578947368421
1861,900,80,500,mvrf,0.9515789473684211
1862,1800,80,500,mvrf,0.9431578947368421
1863,2700,80,500,mvrf,0.9473684210526315
1864,3600,80,500,mvrf,0.951578947368421
1865,4500,80,500,mvrf,0.9494736842105262
1866,5400,80,500,mvrf,0.951578947368421
1867,6300,80,500,mvrf,0.9452631578947368
1868,7200,80,500,mvrf,0.9452631578947368
1869,8100,80,500,mvrf,0.9431578947368421
1870,9000,80,500,mvrf,0.9410526315789474
1871,9900,80,500,mvrf,0.9515789473684211
1872,100,80,500,mvrf,0.9557894736842105
1873,900,80,500,mvrf,0.9473684210526315
1874,1800,80,500,mvrf,0.9347368421052632
1875,2700,80,500,mvrf,0.9578947368421052
1876,3600,80,500,mvrf,0.9431578947368421
1877,4500,80,500,mvrf,0.9452631578947368
1878,5400,80,500,mvrf,0.9389473684210526
1879,6300,80,500,mvrf,0.9578947368421054
1880,7200,80,500,mvrf,0.9515789473684211
1881,8100,80,500,mvrf,0.9389473684210526
1882,9000,80,500,mvrf,0.9431578947368421
1883,9900,80,500,mvrf,0.9410526315789474
1884,100,80,500,mvrf,0.9389473684210526
1885,900,80,500,mvrf,0.9347368421052632
1886,1800,80,500,mvrf,0.9326315789473684
1887,2700,80,500,mvrf,0.9284210526315789
1888,3600,80,500,mvrf,0.9305263157894736
1889,4500,80,500,mvrf,0.9305263157894736
1890,5400,80,500,mvrf,0.9221052631578948
1891,6300,80,500,mvrf,0.9178947368421053
1892,7200,80,500,mvrf,0.9242105263157894
1893,8100,80,500,mvrf,0.9199999999999999
1894,9000,80,500,mvrf,0.9305263157894736
1895,9900,80,500,mvrf,0.9178947368421053
1896,100,80,500,mvrf,0.88
1897,900,80,500,mvrf,0.871578947368421
1898,1800,80,500,mvrf,0.8736842105263157
1899,2700,80,500,mvrf,0.8694736842105263
1900,3600,80,500,mvrf,0.8736842105263158
1901,4500,80,500,mvrf,0.8589473684210527
1902,5400,80,500,mvrf,0.8589473684210527
1903,6300,80,500,mvrf,0.8652631578947368
1904,7200,80,500,mvrf,0.8568421052631578
1905,8100,80,500,mvrf,0.8631578947368421
1906,9000,80,500,mvrf,0.8547368421052632
1907,9900,80,500,mvrf,0.8631578947368421
1908,100,80,500,mvrf,1.0
1909,900,80,500,mvrf,1.0
1910,1800,80,500,mvrf,1.0
1911,2700,80,500,mvrf,1.0
1912,3600,80,500,mvrf,1.0
1913,4500,80,500,mvrf,1.0
1914,5400,80,500,mvrf,1.0
1915,6300,80,500,mvrf,1.0
1916,7200,80,500,mvrf,1.0
1917,8100,80,500,mvrf,1.0
1918,9000,80,500,mvrf,1.0
1919,9900,80,500,mvrf,1.0
1920,100,80,500,mvrf,0.9157894736842105
1921,900,80,500,mvrf,0.9157894736842106
1922,1800,80,500,mvrf,0.911578947368421
1923,2700,80,500,mvrf,0.9094736842105264
1924,3600,80,500,mvrf,0.9136842105263159
1925,4500,80,500,mvrf,0.9031578947368422
1926,5400,80,500,mvrf,0.8947368421052633
1927,6300,80,500,mvrf,0.8968421052631579
1928,7200,80,500,mvrf,0.9010526315789473
1929,8100,80,500,mvrf,0.9073684210526316
1930,9000,80,500,mvrf,0.8989473684210527
1931,9900,80,500,mvrf,0.8989473684210527
1932,100,80,500,mvrf,0.9452631578947368
1933,900,80,500,mvrf,0.9473684210526316
1934,1800,80,500,mvrf,0.9410526315789474
1935,2700,80,500,mvrf,0.9389473684210526
1936,3600,80,500,mvrf,0.9368421052631579
1937,4500,80,500,mvrf,0.9431578947368421
1938,5400,80,500,mvrf,0.9473684210526316
1939,6300,80,500,mvrf,0.9452631578947368
1940,7200,80,500,mvrf,0.9452631578947368
1941,8100,80,500,mvrf,0.9431578947368421
1942,9000,80,500,mvrf,0.9410526315789474
1943,9900,80,500,mvrf,0.9389473684210526
1944,100,80,500,mvrf,0.9642105263157894
1945,900,80,500,mvrf,0.9578947368421052
1946,1800,80,500,mvrf,0.9621052631578947
1947,2700,80,500,mvrf,0.9578947368421052
1948,3600,80,500,mvrf,0.9536842105263158
1949,4500,80,500,mvrf,0.9557894736842105
1950,5400,80,500,mvrf,0.9578947368421052
1951,6300,80,500,mvrf,0.9536842105263158
1952,7200,80,500,mvrf,0.9642105263157894
1953,8100,80,500,mvrf,0.9578947368421052
1954,9000,80,500,mvrf,0.9536842105263158
1955,9900,80,500,mvrf,0.9557894736842105
1956,100,80,500,mvrf,0.951578947368421
1957,900,80,500,mvrf,0.9536842105263158
1958,1800,80,500,mvrf,0.9473684210526315
1959,2700,80,500,mvrf,0.9473684210526315
1960,3600,80,500,mvrf,0.9473684210526315
1961,4500,80,500,mvrf,0.9473684210526315
1962,5400,80,500,mvrf,0.9452631578947368
1963,6300,80,500,mvrf,0.9494736842105262
1964,7200,80,500,mvrf,0.9473684210526315
1965,8100,80,500,mvrf,0.951578947368421
1966,9000,80,500,mvrf,0.9368421052631579
1967,9900,80,500,mvrf,0.9473684210526315
1968,100,80,500,mvrf,0.8652631578947367
1969,900,80,500,mvrf,0.8673684210526316
1970,1800,80,500,mvrf,0.8736842105263157
1971,2700,80,500,mvrf,0.8673684210526316
1972,3600,80,500,mvrf,0.888421052631579
1973,4500,80,500,mvrf,0.8778947368421053
1974,5400,80,500,mvrf,0.8652631578947368
1975,6300,80,500,mvrf,0.871578947368421
1976,7200,80,500,mvrf,0.8673684210526316
1977,8100,80,500,mvrf,0.871578947368421
1978,9000,80,500,mvrf,0.8757894736842105
1979,9900,80,500,mvrf,0.8631578947368421
1980,100,80,500,mvrf,0.9726315789473683
1981,900,80,500,mvrf,0.96
1982,1800,80,500,mvrf,0.9642105263157894
1983,2700,80,500,mvrf,0.9684210526315788
1984,3600,80,500,mvrf,0.9642105263157894
1985,4500,80,500,mvrf,0.9705263157894737
1986,5400,80,500,mvrf,0.9642105263157894
1987,6300,80,500,mvrf,0.9684210526315788
1988,7200,80,500,mvrf,0.9684210526315788
1989,8100,80,500,mvrf,0.9663157894736842
1990,9000,80,500,mvrf,0.9663157894736842
1991,9900,80,500,mvrf,0.9684210526315788
1992,100,80,500,mvrf,0.9726315789473683
1993,900,80,500,mvrf,0.9768421052631577
1994,1800,80,500,mvrf,0.9789473684210526
1995,2700,80,500,mvrf,0.9705263157894737
1996,3600,80,500,mvrf,0.9747368421052631
1997,4500,80,500,mvrf,0.9663157894736842
1998,5400,80,500,mvrf,0.9726315789473683
1999,6300,80,500,mvrf,0.9684210526315788
2000,7200,80,500,mvrf,0.9726315789473685
2001,8100,80,500,mvrf,0.9747368421052631
2002,9000,80,500,mvrf,0.9663157894736842
2003,9900,80,500,mvrf,0.9684210526315788
2004,100,80,500,mvrf,0.8905263157894736
2005,900,80,500,mvrf,0.8863157894736842
2006,1800,80,500,mvrf,0.8821052631578947
2007,2700,80,500,mvrf,0.888421052631579
2008,3600,80,500,mvrf,0.8863157894736842
2009,4500,80,500,mvrf,0.888421052631579
2010,5400,80,500,mvrf,0.8863157894736842
2011,6300,80,500,mvrf,0.888421052631579
2012,7200,80,500,mvrf,0.8905263157894736
2013,8100,80,500,mvrf,0.8863157894736842
2014,9000,80,500,mvrf,0.8821052631578947
2015,9900,80,500,mvrf,0.8821052631578947
2016,100,80,500,mvrf,0.92
2017,900,80,500,mvrf,0.9073684210526316
2018,1800,80,500,mvrf,0.8989473684210527
2019,2700,80,500,mvrf,0.9094736842105262
2020,3600,80,500,mvrf,0.8863157894736842
2021,4500,80,500,mvrf,0.8926315789473684
2022,5400,80,500,mvrf,0.9094736842105264
2023,6300,80,500,mvrf,0.9136842105263159
2024,7200,80,500,mvrf,0.9094736842105264
2025,8100,80,500,mvrf,0.9094736842105262
2026,9000,80,500,mvrf,0.8947368421052632
2027,9900,80,500,mvrf,0.9073684210526316
2028,100,80,500,mvrf,0.9389473684210526
2029,900,80,500,mvrf,0.9284210526315789
2030,1800,80,500,mvrf,0.9157894736842105
2031,2700,80,500,mvrf,0.9389473684210526
2032,3600,80,500,mvrf,0.9347368421052632
2033,4500,80,500,mvrf,0.9242105263157895
2034,5400,80,500,mvrf,0.9242105263157895
2035,6300,80,500,mvrf,0.9242105263157894
2036,7200,80,500,mvrf,0.9389473684210526
2037,8100,80,500,mvrf,0.9263157894736842
2038,9000,80,500,mvrf,0.9178947368421053
2039,9900,80,500,mvrf,0.9473684210526315
2040,100,80,500,mvrf,0.9347368421052632
2041,900,80,500,mvrf,0.9199999999999999
2042,1800,80,500,mvrf,0.9199999999999999
2043,2700,80,500,mvrf,0.9136842105263159
2044,3600,80,500,mvrf,0.9157894736842105
2045,4500,80,500,mvrf,0.9094736842105262
2046,5400,80,500,mvrf,0.9242105263157895
2047,6300,80,500,mvrf,0.9010526315789473
2048,7200,80,500,mvrf,0.8926315789473684
2049,8100,80,500,mvrf,0.8863157894736842
2050,9000,80,500,mvrf,0.9031578947368422
2051,9900,80,500,mvrf,0.9052631578947368
2052,100,80,500,mvrf,0.9642105263157894
2053,900,80,500,mvrf,0.9621052631578947
2054,1800,80,500,mvrf,0.9621052631578947
2055,2700,80,500,mvrf,0.9663157894736842
2056,3600,80,500,mvrf,0.9642105263157894
2057,4500,80,500,mvrf,0.9642105263157894
2058,5400,80,500,mvrf,0.9642105263157894
2059,6300,80,500,mvrf,0.9642105263157894
2060,7200,80,500,mvrf,0.9621052631578947
2061,8100,80,500,mvrf,0.9663157894736841
2062,9000,80,500,mvrf,0.9578947368421054
2063,9900,80,500,mvrf,0.9578947368421054
2064,100,80,500,mvrf,0.7786483014258334
2065,900,80,500,mvrf,0.7723299846254291
2066,1800,80,500,mvrf,0.7723299846254291
2067,2700,80,500,mvrf,0.7512689286240812
2068,3600,80,500,mvrf,0.7573766348644722
2069,4500,80,500,mvrf,0.7702238790252944
2070,5400,80,500,mvrf,0.7634843411048631
2071,6300,80,500,mvrf,0.7573766348644722
2072,7200,80,500,mvrf,0.7636949516648764
2073,8100,80,500,mvrf,0.7655904467049979
2074,9000,80,500,mvrf,0.7634843411048631
2075,9900,80,500,mvrf,0.7508477075040543
2076,100,80,500,mvrf,0.8189473684210526
2077,900,80,500,mvrf,0.7978947368421053
2078,1800,80,500,mvrf,0.783157894736842
2079,2700,80,500,mvrf,0.7747368421052632
2080,3600,80,500,mvrf,0.7747368421052632
2081,4500,80,500,mvrf,0.7578947368421053
2082,5400,80,500,mvrf,0.783157894736842
2083,6300,80,500,mvrf,0.7389473684210526
2084,7200,80,500,mvrf,0.7810526315789474
2085,8100,80,500,mvrf,0.7578947368421053
2086,9000,80,500,mvrf,0.7578947368421053
2087,9900,80,500,mvrf,0.776842105263158
2088,100,80,500,mvrf,0.9031578947368422
2089,900,80,500,mvrf,0.9052631578947368
2090,1800,80,500,mvrf,0.9010526315789474
2091,2700,80,500,mvrf,0.9031578947368422
2092,3600,80,500,mvrf,0.8989473684210527
2093,4500,80,500,mvrf,0.8989473684210527
2094,5400,80,500,mvrf,0.9031578947368422
2095,6300,80,500,mvrf,0.9031578947368422
2096,7200,80,500,mvrf,0.8926315789473684
2097,8100,80,500,mvrf,0.8989473684210527
2098,9000,80,500,mvrf,0.9052631578947368
2099,9900,80,500,mvrf,0.9010526315789473
2100,100,80,500,mvrf,0.8336842105263157
2101,900,80,500,mvrf,0.8336842105263158
2102,1800,80,500,mvrf,0.8294736842105263
2103,2700,80,500,mvrf,0.8210526315789474
2104,3600,80,500,mvrf,0.8378947368421052
2105,4500,80,500,mvrf,0.8273684210526315
2106,5400,80,500,mvrf,0.8378947368421052
2107,6300,80,500,mvrf,0.8357894736842105
2108,7200,80,500,mvrf,0.8273684210526315
2109,8100,80,500,mvrf,0.8273684210526315
2110,9000,80,500,mvrf,0.8168421052631579
2111,9900,80,500,mvrf,0.8252631578947368
2112,100,80,500,mvrf,0.911578947368421
2113,900,80,500,mvrf,0.9052631578947368
2114,1800,80,500,mvrf,0.9136842105263159
2115,2700,80,500,mvrf,0.9073684210526316
2116,3600,80,500,mvrf,0.9010526315789473
2117,4500,80,500,mvrf,0.9010526315789473
2118,5400,80,500,mvrf,0.8947368421052632
2119,6300,80,500,mvrf,0.8926315789473684
2120,7200,80,500,mvrf,0.8821052631578947
2121,8100,80,500,mvrf,0.8905263157894736
2122,9000,80,500,mvrf,0.8821052631578947
2123,9900,80,500,mvrf,0.8989473684210526
2124,100,80,500,mvrf,0.9705263157894737
2125,900,80,500,mvrf,0.9642105263157894
2126,1800,80,500,mvrf,0.9663157894736841
2127,2700,80,500,mvrf,0.9684210526315788
2128,3600,80,500,mvrf,0.9663157894736842
2129,4500,80,500,mvrf,0.96
2130,5400,80,500,mvrf,0.9621052631578947
2131,6300,80,500,mvrf,0.9642105263157894
2132,7200,80,500,mvrf,0.9642105263157894
2133,8100,80,500,mvrf,0.96
2134,9000,80,500,mvrf,0.9642105263157894
2135,9900,80,500,mvrf,0.9684210526315788
2136,100,80,500,mvrf,0.9031578947368422
2137,900,80,500,mvrf,0.9052631578947368
2138,1800,80,500,mvrf,0.8989473684210526
2139,2700,80,500,mvrf,0.9073684210526316
2140,3600,80,500,mvrf,0.8989473684210526
2141,4500,80,500,mvrf,0.9073684210526316
2142,5400,80,500,mvrf,0.9010526315789473
2143,6300,80,500,mvrf,0.9031578947368422
2144,7200,80,500,mvrf,0.8989473684210526
2145,8100,80,500,mvrf,0.8989473684210526
2146,9000,80,500,mvrf,0.9052631578947368
2147,9900,80,500,mvrf,0.9157894736842105
2148,100,80,500,mvrf,0.8268781196689202
2149,900,80,500,mvrf,0.8163475916682463
2150,1800,80,500,mvrf,0.8268781196689202
2151,2700,80,500,mvrf,0.8353025420694593
2152,3600,80,500,mvrf,0.8226659084686506
2153,4500,80,500,mvrf,0.8079231692677071
2154,5400,80,500,mvrf,0.8121353804679766
2155,6300,80,500,mvrf,0.8163475916682463
2156,7200,80,500,mvrf,0.8163475916682463
2157,8100,80,500,mvrf,0.8100292748678418
2158,9000,80,500,mvrf,0.8163475916682463
2159,9900,80,500,mvrf,0.8058170636675723
2160,100,80,500,mvrf,0.9894736842105263
2161,900,80,500,mvrf,0.9894736842105263
2162,1800,80,500,mvrf,0.9873684210526315
2163,2700,80,500,mvrf,0.9894736842105263
2164,3600,80,500,mvrf,0.9894736842105263
2165,4500,80,500,mvrf,0.9894736842105263
2166,5400,80,500,mvrf,0.9873684210526315
2167,6300,80,500,mvrf,0.9873684210526315
2168,7200,80,500,mvrf,0.9894736842105263
2169,8100,80,500,mvrf,0.9873684210526315
2170,9000,80,500,mvrf,0.9873684210526315
2171,9900,80,500,mvrf,0.9894736842105263
2172,100,80,500,mvrf,0.8694736842105264
2173,900,80,500,mvrf,0.8610526315789473
2174,1800,80,500,mvrf,0.8610526315789473
2175,2700,80,500,mvrf,0.8652631578947368
2176,3600,80,500,mvrf,0.8610526315789474
2177,4500,80,500,mvrf,0.8505263157894736
2178,5400,80,500,mvrf,0.8526315789473684
2179,6300,80,500,mvrf,0.8589473684210527
2180,7200,80,500,mvrf,0.8610526315789474
2181,8100,80,500,mvrf,0.8589473684210527
2182,9000,80,500,mvrf,0.8757894736842105
2183,9900,80,500,mvrf,0.8610526315789474
2184,100,80,500,mvrf,0.9284210526315789
2185,900,80,500,mvrf,0.9284210526315789
2186,1800,80,500,mvrf,0.9242105263157895
2187,2700,80,500,mvrf,0.9242105263157895
2188,3600,80,500,mvrf,0.9347368421052632
2189,4500,80,500,mvrf,0.9263157894736842
2190,5400,80,500,mvrf,0.9284210526315789
2191,6300,80,500,mvrf,0.9242105263157894
2192,7200,80,500,mvrf,0.9178947368421053
2193,8100,80,500,mvrf,0.92
2194,9000,80,500,mvrf,0.9221052631578948
2195,9900,80,500,mvrf,0.9305263157894736
2196,100,80,500,mvrf,0.9008024262336514
2197,900,80,500,mvrf,0.8860596870327078
2198,1800,80,500,mvrf,0.905014637433921
2199,2700,80,500,mvrf,0.894484109433247
2200,3600,80,500,mvrf,0.8986963206335166
2201,4500,80,500,mvrf,0.8965902150333818
2202,5400,80,500,mvrf,0.8776352646321687
2203,6300,80,500,mvrf,0.894484109433247
2204,7200,80,500,mvrf,0.8818474758324382
2205,8100,80,500,mvrf,0.8902718982329774
2206,9000,80,500,mvrf,0.8923780038331122
2207,9900,80,500,mvrf,0.8965902150333818
2208,100,80,500,mvrf,0.9536842105263158
2209,900,80,500,mvrf,0.9557894736842105
2210,1800,80,500,mvrf,0.9452631578947368
2211,2700,80,500,mvrf,0.9410526315789474
2212,3600,80,500,mvrf,0.9578947368421052
2213,4500,80,500,mvrf,0.9473684210526315
2214,5400,80,500,mvrf,0.9452631578947368
2215,6300,80,500,mvrf,0.9389473684210526
2216,7200,80,500,mvrf,0.9452631578947368
2217,8100,80,500,mvrf,0.9368421052631579
2218,9000,80,500,mvrf,0.9431578947368421
2219,9900,80,500,mvrf,0.9347368421052631
2220,100,80,500,mvrf,0.9621052631578948
2221,900,80,500,mvrf,0.96
2222,1800,80,500,mvrf,0.96
2223,2700,80,500,mvrf,0.9515789473684211
2224,3600,80,500,mvrf,0.9536842105263158
2225,4500,80,500,mvrf,0.9452631578947368
2226,5400,80,500,mvrf,0.951578947368421
2227,6300,80,500,mvrf,0.9557894736842105
2228,7200,80,500,mvrf,0.96
2229,8100,80,500,mvrf,0.9515789473684211
2230,9000,80,500,mvrf,0.9536842105263158
2231,9900,80,500,mvrf,0.96
2232,100,80,500,mvrf,0.9199999999999999
2233,900,80,500,mvrf,0.9073684210526316
2234,1800,80,500,mvrf,0.9052631578947368
2235,2700,80,500,mvrf,0.9052631578947368
2236,3600,80,500,mvrf,0.8947368421052632
2237,4500,80,500,mvrf,0.8947368421052632
2238,5400,80,500,mvrf,0.8968421052631579
2239,6300,80,500,mvrf,0.9031578947368422
2240,7200,80,500,mvrf,0.8989473684210526
2241,8100,80,500,mvrf,0.8884210526315789
2242,9000,80,500,mvrf,0.8905263157894736
2243,9900,80,500,mvrf,0.8926315789473684
2244,100,80,500,mvrf,0.9094736842105264
2245,900,80,500,mvrf,0.9157894736842105
2246,1800,80,500,mvrf,0.9073684210526316
2247,2700,80,500,mvrf,0.8947368421052632
2248,3600,80,500,mvrf,0.9052631578947369
2249,4500,80,500,mvrf,0.9136842105263159
2250,5400,80,500,mvrf,0.9136842105263159
2251,6300,80,500,mvrf,0.9031578947368422
2252,7200,80,500,mvrf,0.8905263157894736
2253,8100,80,500,mvrf,0.8968421052631579
2254,9000,80,500,mvrf,0.9073684210526316
2255,9900,80,500,mvrf,0.8968421052631579
2256,100,80,500,mvrf,0.9473684210526315
2257,900,80,500,mvrf,0.9347368421052632
2258,1800,80,500,mvrf,0.9410526315789474
2259,2700,80,500,mvrf,0.9368421052631579
2260,3600,80,500,mvrf,0.9389473684210526
2261,4500,80,500,mvrf,0.9431578947368421
2262,5400,80,500,mvrf,0.9284210526315789
2263,6300,80,500,mvrf,0.9431578947368421
2264,7200,80,500,mvrf,0.9431578947368421
2265,8100,80,500,mvrf,0.9326315789473684
2266,9000,80,500,mvrf,0.9410526315789474
2267,9900,80,500,mvrf,0.9368421052631579
2268,100,80,500,mvrf,0.791578947368421
2269,900,80,500,mvrf,0.7789473684210526
2270,1800,80,500,mvrf,0.7705263157894737
2271,2700,80,500,mvrf,0.7852631578947369
2272,3600,80,500,mvrf,0.7852631578947369
2273,4500,80,500,mvrf,0.7852631578947369
2274,5400,80,500,mvrf,0.7852631578947369
2275,6300,80,500,mvrf,0.7810526315789474
2276,7200,80,500,mvrf,0.7768421052631578
2277,8100,80,500,mvrf,0.7894736842105263
2278,9000,80,500,mvrf,0.7894736842105263
2279,9900,80,500,mvrf,0.7789473684210526
2280,100,80,500,mvrf,0.9621052631578948
2281,900,80,500,mvrf,0.9621052631578948
2282,1800,80,500,mvrf,0.9557894736842105
2283,2700,80,500,mvrf,0.9663157894736842
2284,3600,80,500,mvrf,0.9621052631578947
2285,4500,80,500,mvrf,0.9642105263157894
2286,5400,80,500,mvrf,0.9663157894736842
2287,6300,80,500,mvrf,0.9557894736842105
2288,7200,80,500,mvrf,0.9684210526315788
2289,8100,80,500,mvrf,0.9557894736842105
2290,9000,80,500,mvrf,0.96
2291,9900,80,500,mvrf,0.9642105263157894
2292,100,80,500,mvrf,0.9705263157894737
2293,900,80,500,mvrf,0.9663157894736842
2294,1800,80,500,mvrf,0.9536842105263158
2295,2700,80,500,mvrf,0.9578947368421052
2296,3600,80,500,mvrf,0.9642105263157894
2297,4500,80,500,mvrf,0.96
2298,5400,80,500,mvrf,0.9557894736842105
2299,6300,80,500,mvrf,0.9578947368421052
2300,7200,80,500,mvrf,0.9536842105263158
2301,8100,80,500,mvrf,0.9621052631578948
2302,9000,80,500,mvrf,0.9557894736842105
2303,9900,80,500,mvrf,0.96
2304,100,80,500,mvrf,0.976842105263158
2305,900,80,500,mvrf,0.9810526315789474
2306,1800,80,500,mvrf,0.9726315789473685
2307,2700,80,500,mvrf,0.9747368421052631
2308,3600,80,500,mvrf,0.9810526315789474
2309,4500,80,500,mvrf,0.9726315789473685
2310,5400,80,500,mvrf,0.976842105263158
2311,6300,80,500,mvrf,0.976842105263158
2312,7200,80,500,mvrf,0.976842105263158
2313,8100,80,500,mvrf,0.9705263157894737
2314,9000,80,500,mvrf,0.9726315789473685
2315,9900,80,500,mvrf,0.9726315789473685
2316,100,80,500,mvrf,0.9494736842105262
2317,900,80,500,mvrf,0.9452631578947368
2318,1800,80,500,mvrf,0.9473684210526315
2319,2700,80,500,mvrf,0.9473684210526315
2320,3600,80,500,mvrf,0.9473684210526315
2321,4500,80,500,mvrf,0.9473684210526315
2322,5400,80,500,mvrf,0.9494736842105262
2323,6300,80,500,mvrf,0.9410526315789474
2324,7200,80,500,mvrf,0.9494736842105262
2325,8100,80,500,mvrf,0.9431578947368421
2326,9000,80,500,mvrf,0.9494736842105262
2327,9900,80,500,mvrf,0.9494736842105262
2328,100,80,500,mvrf,0.8863157894736842
2329,900,80,500,mvrf,0.8610526315789473
2330,1800,80,500,mvrf,0.8652631578947368
2331,2700,80,500,mvrf,0.8757894736842106
2332,3600,80,500,mvrf,0.8421052631578947
2333,4500,80,500,mvrf,0.8505263157894738
2334,5400,80,500,mvrf,0.8547368421052632
2335,6300,80,500,mvrf,0.8526315789473684
2336,7200,80,500,mvrf,0.848421052631579
2337,8100,80,500,mvrf,0.831578947368421
2338,9000,80,500,mvrf,0.8631578947368421
2339,9900,80,500,mvrf,0.8526315789473684
2340,100,80,500,mvrf,0.9368421052631579
2341,900,80,500,mvrf,0.9389473684210526
2342,1800,80,500,mvrf,0.9410526315789474
2343,2700,80,500,mvrf,0.9473684210526315
2344,3600,80,500,mvrf,0.9242105263157894
2345,4500,80,500,mvrf,0.9347368421052632
2346,5400,80,500,mvrf,0.9263157894736842
2347,6300,80,500,mvrf,0.9305263157894736
2348,7200,80,500,mvrf,0.9263157894736842
2349,8100,80,500,mvrf,0.9284210526315789
2350,9000,80,500,mvrf,0.9305263157894736
2351,9900,80,500,mvrf,0.9431578947368421
2352,100,80,500,mvrf,0.9726315789473683
2353,900,80,500,mvrf,0.9726315789473683
2354,1800,80,500,mvrf,0.9684210526315788
2355,2700,80,500,mvrf,0.9684210526315788
2356,3600,80,500,mvrf,0.9642105263157894
2357,4500,80,500,mvrf,0.9726315789473683
2358,5400,80,500,mvrf,0.9768421052631577
2359,6300,80,500,mvrf,0.9621052631578947
2360,7200,80,500,mvrf,0.9536842105263158
2361,8100,80,500,mvrf,0.9663157894736842
2362,9000,80,500,mvrf,0.96
2363,9900,80,500,mvrf,0.9578947368421052
2364,100,80,500,mvrf,0.9789473684210526
2365,900,80,500,mvrf,0.9663157894736842
2366,1800,80,500,mvrf,0.9705263157894737
2367,2700,80,500,mvrf,0.9705263157894737
2368,3600,80,500,mvrf,0.9684210526315788
2369,4500,80,500,mvrf,0.9684210526315788
2370,5400,80,500,mvrf,0.9726315789473685
2371,6300,80,500,mvrf,0.9789473684210526
2372,7200,80,500,mvrf,0.9642105263157894
2373,8100,80,500,mvrf,0.9810526315789474
2374,9000,80,500,mvrf,0.9642105263157894
2375,9900,80,500,mvrf,0.9684210526315791
2376,100,80,500,mvrf,0.9726315789473683
2377,900,80,500,mvrf,0.9747368421052631
2378,1800,80,500,mvrf,0.9726315789473683
2379,2700,80,500,mvrf,0.9768421052631577
2380,3600,80,500,mvrf,0.9726315789473683
2381,4500,80,500,mvrf,0.9705263157894737
2382,5400,80,500,mvrf,0.9726315789473683
2383,6300,80,500,mvrf,0.9768421052631577
2384,7200,80,500,mvrf,0.9705263157894737
2385,8100,80,500,mvrf,0.9684210526315788
2386,9000,80,500,mvrf,0.9747368421052631
2387,9900,80,500,mvrf,0.9768421052631577
2388,100,80,500,mvrf,0.8631578947368421
2389,900,80,500,mvrf,0.8673684210526316
2390,1800,80,500,mvrf,0.8652631578947367
2391,2700,80,500,mvrf,0.8631578947368421
2392,3600,80,500,mvrf,0.8736842105263158
2393,4500,80,500,mvrf,0.8568421052631578
2394,5400,80,500,mvrf,0.8799999999999999
2395,6300,80,500,mvrf,0.8673684210526316
2396,7200,80,500,mvrf,0.8673684210526316
2397,8100,80,500,mvrf,0.8736842105263158
2398,9000,80,500,mvrf,0.8568421052631578
2399,9900,80,500,mvrf,0.8778947368421053
